#domain,#severity,#reject_media,#reject_reports,#public_comment,#obfuscate
loaded.sixguns.com,suspend,false,false,"",false
newsbeep.org,suspend,false,false,"",false
pubeurope.com,suspend,false,false,"",false
13bells.com,suspend,false,false,Oliphant Tier 3,false
1611.social,suspend,false,false,Oliphant Tier 3,false
4aem.com,suspend,false,false,Oliphant Tier 3,false
5dollah.click,suspend,false,false,Oliphant Tier 3,false
adachi.party,suspend,false,false,Oliphant Tier 3,false
adtension.com,suspend,false,false,Oliphant Tier 3,false
annihilation.social,suspend,false,false,Oliphant Tier 3,false
anon-kenkai.com,suspend,false,false,Oliphant Tier 3,false
asbestos.cafe,suspend,false,false,Oliphant Tier 3,false
bae.st,suspend,false,false,Oliphant Tier 3,false
banepo.st,suspend,false,false,Oliphant Tier 3,false
battlepenguin.video,suspend,false,false,Oliphant Tier 3,false
beefyboys.win,suspend,false,false,Oliphant Tier 3,false
boymoder.biz,suspend,false,false,Oliphant Tier 3,false
brainsoap.net,suspend,false,false,Oliphant Tier 3,false
breastmilk.club,suspend,false,false,Oliphant Tier 3,false
brighteon.social,suspend,false,false,Oliphant Tier 3,false
0w0.is,suspend,false,false,Oliphant Tier 3,false
canary.fedinuke.example.com,suspend,false,false,Oliphant Tier 3,false
catgirl.life,suspend,false,false,Oliphant Tier 3,false
3zi.ru,suspend,false,false,Oliphant Tier 3,false
childlove.su,suspend,false,false,Oliphant Tier 3,false
clew.lol,suspend,false,false,Oliphant Tier 3,false
clubcyberia.co,suspend,false,false,Oliphant Tier 3,false
cottoncandy.cafe,suspend,false,false,Oliphant Tier 3,false
crucible.world,suspend,false,false,Oliphant Tier 3,false
cum.camp,suspend,false,false,Oliphant Tier 3,false
cum.salon,suspend,false,false,Oliphant Tier 3,false
cunnyborea.space,suspend,false,false,Oliphant Tier 3,false
decayable.ink,suspend,false,false,Oliphant Tier 3,false
dembased.xyz,suspend,false,false,Oliphant Tier 3,false
detroitriotcity.com,suspend,false,false,Oliphant Tier 3,false
djsumdog.com,suspend,false,false,Oliphant Tier 3,false
eientei.org,suspend,false,false,Oliphant Tier 3,false
eveningzoo.club,suspend,false,false,Oliphant Tier 3,false
ai8w.ddns.net,suspend,false,false,Oliphant Tier 3,false
foxgirl.lol,suspend,false,false,Oliphant Tier 3,false
freak.university,suspend,false,false,Oliphant Tier 3,false
freeatlantis.com,suspend,false,false,Oliphant Tier 3,false
freespeechextremist.com,suspend,false,false,Oliphant Tier 3,false
froth.zone,suspend,false,false,Oliphant Tier 3,false
gameliberty.club,suspend,false,false,Oliphant Tier 3,false
gearlandia.haus,suspend,false,false,Oliphant Tier 3,false
genderheretics.xyz,suspend,false,false,Oliphant Tier 3,false
geofront.rocks,suspend,false,false,Oliphant Tier 3,false
gleasonator.com,suspend,false,false,Oliphant Tier 3,false
glee.li,suspend,false,false,Oliphant Tier 3,false
glindr.org,suspend,false,false,Oliphant Tier 3,false
goyim.app,suspend,false,false,Oliphant Tier 3,false
h5q.net,suspend,false,false,Oliphant Tier 3,false
haeder.net,suspend,false,false,Oliphant Tier 3,false
handholding.io,suspend,false,false,Oliphant Tier 3,false
hitchhiker.social,suspend,false,false,Oliphant Tier 3,false
iddqd.social,suspend,false,false,Oliphant Tier 3,false
kitsunemimi.club,suspend,false,false,Oliphant Tier 3,false
kiwifarms.cc,suspend,false,false,Oliphant Tier 3,false
kurosawa.moe,suspend,false,false,Oliphant Tier 3,false
kyaruc.moe,suspend,false,false,Oliphant Tier 3,false
leafposter.club,suspend,false,false,Oliphant Tier 3,false
liberdon.com,suspend,false,false,Oliphant Tier 3,false
ligma.pro,suspend,false,false,Oliphant Tier 3,false
loli.church,suspend,false,false,Oliphant Tier 3,false
lolicon.rocks,suspend,false,false,Oliphant Tier 3,false
lolison.network,suspend,false,false,Oliphant Tier 3,false
lolison.top,suspend,false,false,Oliphant Tier 3,false
lovingexpressions.net,suspend,false,false,Oliphant Tier 3,false
makemysarcophagus.com,suspend,false,false,Oliphant Tier 3,false
mastinator.com,suspend,false,false,Oliphant Tier 3,false
merovingian.club,suspend,false,false,Oliphant Tier 3,false
midwaytrades.com,suspend,false,false,Oliphant Tier 3,false
mirr0r.city,suspend,false,false,Oliphant Tier 3,false
morale.ch,suspend,false,false,Oliphant Tier 3,false
mouse.services,suspend,false,false,Oliphant Tier 3,false
mugicha.club,suspend,false,false,Oliphant Tier 3,false
narrativerry.xyz,suspend,false,false,Oliphant Tier 3,false
akko.hollow.capital,suspend,false,false,Oliphant Tier 3,false
nationalist.social,suspend,false,false,Oliphant Tier 3,false
needs.vodka,suspend,false,false,Oliphant Tier 3,false
neenster.org,suspend,false,false,Oliphant Tier 3,false
nicecrew.digital,suspend,false,false,Oliphant Tier 3,false
nnia.space,suspend,false,false,Oliphant Tier 3,false
noagendasocial.com,suspend,false,false,Oliphant Tier 3,false
noagendasocial.nl,suspend,false,false,Oliphant Tier 3,false
noagendatube.com,suspend,false,false,Oliphant Tier 3,false
nobodyhasthe.biz,suspend,false,false,Oliphant Tier 3,false
norwoodzero.net,suspend,false,false,Oliphant Tier 3,false
nyanide.com,suspend,false,false,Oliphant Tier 3,false
anarres.family,suspend,false,false,Oliphant Tier 3,false
parcero.bond,suspend,false,false,Oliphant Tier 3,false
pawlicker.com,suspend,false,false,Oliphant Tier 3,false
pawoo.net,suspend,false,false,Oliphant Tier 3,false
pedo.school,suspend,false,false,Oliphant Tier 3,false
peervideo.club,suspend,false,false,Oliphant Tier 3,false
piazza.today,suspend,false,false,Oliphant Tier 3,false
pibvt.net,suspend,false,false,Oliphant Tier 3,false
pieville.net,suspend,false,false,Oliphant Tier 3,false
pisskey.io,suspend,false,false,Oliphant Tier 3,false
plagu.ee,suspend,false,false,Oliphant Tier 3,false
poast.org,suspend,false,false,Oliphant Tier 3,false
poast.tv,suspend,false,false,Oliphant Tier 3,false
poster.place,suspend,false,false,Oliphant Tier 3,false
prospeech.space,suspend,false,false,Oliphant Tier 3,false
quodverum.com,suspend,false,false,Oliphant Tier 3,false
r18.social,suspend,false,false,Oliphant Tier 3,false
rakket.app,suspend,false,false,Oliphant Tier 3,false
rapemeat.express,suspend,false,false,Oliphant Tier 3,false
rapemeat.solutions,suspend,false,false,Oliphant Tier 3,false
rayci.st,suspend,false,false,Oliphant Tier 3,false
rebelbase.site,suspend,false,false,Oliphant Tier 3,false
ryona.agency,suspend,false,false,Oliphant Tier 3,false
sad.cab,suspend,false,false,Oliphant Tier 3,false
schwartzwelt.xyz,suspend,false,false,Oliphant Tier 3,false
seal.cafe,suspend,false,false,Oliphant Tier 3,false
shaw.app,suspend,false,false,Oliphant Tier 3,false
shigusegubu.club,suspend,false,false,Oliphant Tier 3,false
shitpost.cloud,suspend,false,false,Oliphant Tier 3,false
shortstacksran.ch,suspend,false,false,Oliphant Tier 3,false
silliness.observer,suspend,false,false,Oliphant Tier 3,false
skinheads.eu,suspend,false,false,Oliphant Tier 3,false
skinheads.io,suspend,false,false,Oliphant Tier 3,false
skinheads.social,suspend,false,false,Oliphant Tier 3,false
skinheads.uk,suspend,false,false,Oliphant Tier 3,false
skippers-bin.com,suspend,false,false,Oliphant Tier 3,false
skyshanty.xyz,suspend,false,false,Oliphant Tier 3,false
slash.cl,suspend,false,false,Oliphant Tier 3,false
sleepy.cafe,suspend,false,false,Oliphant Tier 3,false
smuglo.li,suspend,false,false,Oliphant Tier 3,false
sneed.social,suspend,false,false,Oliphant Tier 3,false
sonichu.com,suspend,false,false,Oliphant Tier 3,false
spinster.xyz,suspend,false,false,Oliphant Tier 3,false
springbo.cc,suspend,false,false,Oliphant Tier 3,false
artisan.chat,suspend,false,false,Oliphant Tier 3,false
taihou.website,suspend,false,false,Oliphant Tier 3,false
tastingtraffic.net,suspend,false,false,Oliphant Tier 3,false
teci.world,suspend,false,false,Oliphant Tier 3,false
theapex.social,suspend,false,false,Oliphant Tier 3,false
thechimp.zone,suspend,false,false,Oliphant Tier 3,false
thenobody.club,suspend,false,false,Oliphant Tier 3,false
thepostearthdestination.com,suspend,false,false,Oliphant Tier 3,false
tkammer.de,suspend,false,false,Oliphant Tier 3,false
trumpislovetrumpis.life,suspend,false,false,Oliphant Tier 3,false
truthsocial.co.in,suspend,false,false,Oliphant Tier 3,false
usualsuspects.lol,suspend,false,false,Oliphant Tier 3,false
varishangout.net,suspend,false,false,Oliphant Tier 3,false
vtuberfan.social,suspend,false,false,Oliphant Tier 3,false
wolfgirl.bar,suspend,false,false,Oliphant Tier 3,false
xn--p1abe3d.xn--80asehdb,suspend,false,false,Oliphant Tier 3,false
yggdrasil.social,suspend,false,false,Oliphant Tier 3,false
youjo.love,suspend,false,false,Oliphant Tier 3,false
awootism.club,suspend,false,false,Oliphant Tier 3,false
catboi.party,suspend,false,false,Oliphant Tier 3,false
catgirl.land,suspend,false,false,Oliphant Tier 3,false
cliterati.club,suspend,false,false,Oliphant Tier 3,false
clube.social,suspend,false,false,Oliphant Tier 3,false
cock.fish,suspend,false,false,Oliphant Tier 3,false
cock.li,suspend,false,false,Oliphant Tier 3,false
cunny.gay,suspend,false,false,Oliphant Tier 3,false
ating.press,suspend,false,false,Oliphant Tier 3,false
f.ckpg.space,suspend,false,false,Oliphant Tier 3,false
beaware.live,suspend,false,false,Oliphant Tier 3,false
fedicy.allowed.org,suspend,false,false,Oliphant Tier 3,false
feline.rodeo,suspend,false,false,Oliphant Tier 3,false
foxarmy.org,suspend,false,false,Oliphant Tier 3,false
furry.lgbt,suspend,false,false,Oliphant Tier 3,false
genitalia.observer,suspend,false,false,Oliphant Tier 3,false
horny.enby.space,suspend,false,false,Oliphant Tier 3,false
horny.house,suspend,false,false,Oliphant Tier 3,false
beetoons.tv,suspend,false,false,Oliphant Tier 3,false
lets.saynoto.lgbt,suspend,false,false,Oliphant Tier 3,false
bkcastle.net,suspend,false,false,Oliphant Tier 3,false
mstdn.foxfam.club,suspend,false,false,Oliphant Tier 3,false
pawlicker.ddns.net,suspend,false,false,Oliphant Tier 3,false
bruh.social,suspend,false,false,Oliphant Tier 3,false
pl.info.natehiggers.online,suspend,false,false,Oliphant Tier 3,false
rape.lol,suspend,false,false,Oliphant Tier 3,false
raplst.town,suspend,false,false,Oliphant Tier 3,false
rawr-xd.club,suspend,false,false,Oliphant Tier 3,false
shitpisscum.mooo.com,suspend,false,false,Oliphant Tier 3,false
skinheads.network,suspend,false,false,Oliphant Tier 3,false
zztails.online,suspend,false,false,Oliphant Tier 3,false
animesexual.community,suspend,false,false,Oliphant Tier 3,false
bussy.monster,suspend,false,false,Oliphant Tier 3,false
cannibal.cafe,suspend,false,false,Oliphant Tier 3,false
catposter.club,suspend,false,false,Oliphant Tier 3,false
childlove.space,suspend,false,false,Oliphant Tier 3,false
childpawn.shop,suspend,false,false,Oliphant Tier 3,false
cryptodon.lol,suspend,false,false,Oliphant Tier 3,false
cryptotalks.social,suspend,false,false,Oliphant Tier 3,false
cryptotooter.com,suspend,false,false,Oliphant Tier 3,false
dickkickextremist.xyz,suspend,false,false,Oliphant Tier 3,false
dirtyhobby.xyz,suspend,false,false,Oliphant Tier 3,false
femboys.love,suspend,false,false,Oliphant Tier 3,false
freecumextremist.com,suspend,false,false,Oliphant Tier 3,false
furcel.club,suspend,false,false,Oliphant Tier 3,false
goreslut.xyz,suspend,false,false,Oliphant Tier 3,false
homd.xyz,suspend,false,false,Oliphant Tier 3,false
honkwerx.tech,suspend,false,false,Oliphant Tier 3,false
hornyjail.pro,suspend,false,false,Oliphant Tier 3,false
hunk.city,suspend,false,false,Oliphant Tier 3,false
lgbtfree.zone,suspend,false,false,Oliphant Tier 3,false
nazi.social,suspend,false,false,Oliphant Tier 3,false
porntoot.com,suspend,false,false,Oliphant Tier 3,false
preteengirls.biz,suspend,false,false,Oliphant Tier 3,false
rape.pet,suspend,false,false,Oliphant Tier 3,false
rapefeminists.network,suspend,false,false,Oliphant Tier 3,false
saynoto.lgbt,suspend,false,false,Oliphant Tier 3,false
whitewomen.dog,suspend,false,false,Oliphant Tier 3,false
zztails.gay,suspend,false,false,Oliphant Tier 3,false
matrix.rocks,suspend,false,false,Oliphant Tier 3,false
4bear.com,suspend,false,false,Oliphant Tier 3,false
076.moe,suspend,false,false,Oliphant Tier 3,false
076.ne.jp,suspend,false,false,Oliphant Tier 3,false
0x68756773.moe,suspend,false,false,Oliphant Tier 3,false
101010.pl,suspend,false,false,Oliphant Tier 3,false
10minutepleroma.com,suspend,false,false,Oliphant Tier 3,false
1745.info,suspend,false,false,Oliphant Tier 3,false
1being.org,suspend,false,false,Oliphant Tier 3,false
4chan.icu,suspend,false,false,Oliphant Tier 3,false
7td.org,suspend,false,false,Oliphant Tier 3,false
80percent.social,suspend,false,false,Oliphant Tier 3,false
829.hu,suspend,false,false,Oliphant Tier 3,false
8777.ch,suspend,false,false,Oliphant Tier 3,false
9tail.net,suspend,false,false,Oliphant Tier 3,false
a.sc,suspend,false,false,Oliphant Tier 3,false
aaoth.xyz,suspend,false,false,Oliphant Tier 3,false
abdl.link,suspend,false,false,Oliphant Tier 3,false
abraham.su,suspend,false,false,Oliphant Tier 3,false
absturztau.be,suspend,false,false,Oliphant Tier 3,false
activism.openworlds.info,suspend,false,false,Oliphant Tier 3,false
activitypub-proxy.cf,suspend,false,false,Oliphant Tier 3,false
activitypub-troll.cf,suspend,false,false,Oliphant Tier 3,false
activitypub.actor,suspend,false,false,Oliphant Tier 3,false
addy.gg,suspend,false,false,Oliphant Tier 3,false
adhd.stream,suspend,false,false,Oliphant Tier 3,false
aethy.com,suspend,false,false,Oliphant Tier 3,false
affiliates.social,suspend,false,false,Oliphant Tier 3,false
agates.io,suspend,false,false,Oliphant Tier 3,false
agdersam.no,suspend,false,false,Oliphant Tier 3,false
ai.wiki,suspend,false,false,Oliphant Tier 3,false
aillust.fun,suspend,false,false,Oliphant Tier 3,false
airen-no-jikken.icu,suspend,false,false,Oliphant Tier 3,false
airis.work,suspend,false,false,Oliphant Tier 3,false
akko.disqordia.space,suspend,false,false,Oliphant Tier 3,false
akko.saturno.black,suspend,false,false,Oliphant Tier 3,false
akm.longyap.name.my,suspend,false,false,Oliphant Tier 3,false
albin.social,suspend,false,false,Oliphant Tier 3,false
alive.bar,suspend,false,false,Oliphant Tier 3,false
alteregocreations.com,suspend,false,false,Oliphant Tier 3,false
ancreport.com,suspend,false,false,Oliphant Tier 3,false
ancreport.xyz,suspend,false,false,Oliphant Tier 3,false
anemoneya.me,suspend,false,false,Oliphant Tier 3,false
angrytoday.com,suspend,false,false,Oliphant Tier 3,false
animalliberation.social,suspend,false,false,Oliphant Tier 3,false
anime.website,suspend,false,false,Oliphant Tier 3,false
animeisgay.com,suspend,false,false,Oliphant Tier 3,false
anitwitter.moe,suspend,false,false,Oliphant Tier 3,false
anthro.cc,suspend,false,false,Oliphant Tier 3,false
anti-degeneracy.club,suspend,false,false,Oliphant Tier 3,false
anticom.world,suspend,false,false,Oliphant Tier 3,false
antivaxxer.icu,suspend,false,false,Oliphant Tier 3,false
aoq.me,suspend,false,false,Oliphant Tier 3,false
ap.maladaptive.art,suspend,false,false,Oliphant Tier 3,false
apathy.tv,suspend,false,false,Oliphant Tier 3,false
applied-langua.ge,suspend,false,false,Oliphant Tier 3,false
arachnid.town,suspend,false,false,Oliphant Tier 3,false
arasaka.vip,suspend,false,false,Oliphant Tier 3,false
archivefedifor.fun,suspend,false,false,Oliphant Tier 3,false
argentum.social,suspend,false,false,Oliphant Tier 3,false
aria.company,suspend,false,false,Oliphant Tier 3,false
ariona.fr,suspend,false,false,Oliphant Tier 3,false
artalley.masto.host,suspend,false,false,Oliphant Tier 3,false
artalley.social,suspend,false,false,Oliphant Tier 3,false
arthaus.social,suspend,false,false,Oliphant Tier 3,false
arumoon.ru,suspend,false,false,Oliphant Tier 3,false
asimon.org,suspend,false,false,Oliphant Tier 3,false
asphodel.rip,suspend,false,false,Oliphant Tier 3,false
aspiechattr.me,suspend,false,false,Oliphant Tier 3,false
asteroidm.space,suspend,false,false,Oliphant Tier 3,false
awoo.fyi,suspend,false,false,Oliphant Tier 3,false
awscommunity.social,suspend,false,false,Oliphant Tier 3,false
awwter.online,suspend,false,false,Oliphant Tier 3,false
azumanga.gay,suspend,false,false,Oliphant Tier 3,false
b10m.net,suspend,false,false,Oliphant Tier 3,false
babay.icu,suspend,false,false,Oliphant Tier 3,false
babyfurs.social,suspend,false,false,Oliphant Tier 3,false
badly.co,suspend,false,false,Oliphant Tier 3,false
bajax.us,suspend,false,false,Oliphant Tier 3,false
banana.dog,suspend,false,false,Oliphant Tier 3,false
baraag.net,suspend,false,false,Oliphant Tier 3,false
bark.lgbt,suspend,false,false,Oliphant Tier 3,false
based.directory,suspend,false,false,Oliphant Tier 3,false
bbad.com,suspend,false,false,Oliphant Tier 3,false
bbs.kawa-kun.com,suspend,false,false,Oliphant Tier 3,false
beagle.casa,suspend,false,false,Oliphant Tier 3,false
bearygoosey.com,suspend,false,false,Oliphant Tier 3,false
beef.moe,suspend,false,false,Oliphant Tier 3,false
beefyboys.club,suspend,false,false,Oliphant Tier 3,false
beehub.org,suspend,false,false,Oliphant Tier 3,false
beepboop.ga,suspend,false,false,Oliphant Tier 3,false
berserker.town,suspend,false,false,Oliphant Tier 3,false
bestgore.fun,suspend,false,false,Oliphant Tier 3,false
beta.birdsite.live,suspend,false,false,Oliphant Tier 3,false
beta.mstdn.cf,suspend,false,false,Oliphant Tier 3,false
bgzashtita.es,suspend,false,false,Oliphant Tier 3,false
bibly.com,suspend,false,false,Oliphant Tier 3,false
biendeo.com,suspend,false,false,Oliphant Tier 3,false
bigguys.club,suspend,false,false,Oliphant Tier 3,false
bigrelay.social,suspend,false,false,Oliphant Tier 3,false
bigzu.cc,suspend,false,false,Oliphant Tier 3,false
bikeshed.party,suspend,false,false,Oliphant Tier 3,false
binarydad.com,suspend,false,false,Oliphant Tier 3,false
birb.elfenban.de,suspend,false,false,Oliphant Tier 3,false
birb.stream,suspend,false,false,Oliphant Tier 3,false
bird.evilcyberhacker.net,suspend,false,false,Oliphant Tier 3,false
bird.istheguy.com,suspend,false,false,Oliphant Tier 3,false
bird.r669.live,suspend,false,false,Oliphant Tier 3,false
birdbots.leptonics.com,suspend,false,false,Oliphant Tier 3,false
birdbridge.autonomy.earth,suspend,false,false,Oliphant Tier 3,false
birdity.club,suspend,false,false,Oliphant Tier 3,false
birdmakeup.opiumpost.org,suspend,false,false,Oliphant Tier 3,false
birds.garden,suspend,false,false,Oliphant Tier 3,false
birdsite.am-institute.swiss,suspend,false,false,Oliphant Tier 3,false
birdsite.b93.dece.space,suspend,false,false,Oliphant Tier 3,false
birdsite.blazelight.dev,suspend,false,false,Oliphant Tier 3,false
birdsite.cloutier.co,suspend,false,false,Oliphant Tier 3,false
birdsite.darkesttimeline.social,suspend,false,false,Oliphant Tier 3,false
birdsite.frog.fashion,suspend,false,false,Oliphant Tier 3,false
birdsite.gabeappleton.me,suspend,false,false,Oliphant Tier 3,false
birdsite.gred.al,suspend,false,false,Oliphant Tier 3,false
birdsite.james.moody.name,suspend,false,false,Oliphant Tier 3,false
birdsite.jemverse.xyz,suspend,false,false,Oliphant Tier 3,false
birdsite.link,suspend,false,false,Oliphant Tier 3,false
birdsite.mastodon.me.uk,suspend,false,false,Oliphant Tier 3,false
birdsite.miisu.net,suspend,false,false,Oliphant Tier 3,false
birdsite.monster,suspend,false,false,Oliphant Tier 3,false
birdsite.nytpu.com,suspend,false,false,Oliphant Tier 3,false
birdsite.oliviaappleton.com,suspend,false,false,Oliphant Tier 3,false
birdsite.skye.cx,suspend,false,false,Oliphant Tier 3,false
birdsite.slashdev.space,suspend,false,false,Oliphant Tier 3,false
birdsite.spectreos.de,suspend,false,false,Oliphant Tier 3,false
birdsite.tcjc.uk,suspend,false,false,Oliphant Tier 3,false
birdsite.thorlaksson.com,suspend,false,false,Oliphant Tier 3,false
birdsite.toot.si,suspend,false,false,Oliphant Tier 3,false
birdsite.vrparty.social,suspend,false,false,Oliphant Tier 3,false
birdsite.weiranzhang.com,suspend,false,false,Oliphant Tier 3,false
birdsite.wilde.cloud,suspend,false,false,Oliphant Tier 3,false
birdsitelive.baguette-it.social,suspend,false,false,Oliphant Tier 3,false
birdsitelive.bubbletea.dev,suspend,false,false,Oliphant Tier 3,false
birdsitelive.falschgold.net,suspend,false,false,Oliphant Tier 3,false
birdsitelive.loca.lt,suspend,false,false,Oliphant Tier 3,false
birdsitelive.moistgarbage.info,suspend,false,false,Oliphant Tier 3,false
birdsitelive.treffler.cloud,suspend,false,false,Oliphant Tier 3,false
bitacadie.com,suspend,false,false,Oliphant Tier 3,false
bitcoinhackers.org,suspend,false,false,Oliphant Tier 3,false
bitcoinlizard.net,suspend,false,false,Oliphant Tier 3,false
bitcointv.com,suspend,false,false,Oliphant Tier 3,false
bittube.video,suspend,false,false,Oliphant Tier 3,false
bka.li,suspend,false,false,Oliphant Tier 3,false
blackoutstout.space,suspend,false,false,Oliphant Tier 3,false
blackstar.cafe,suspend,false,false,Oliphant Tier 3,false
blacksun.social,suspend,false,false,Oliphant Tier 3,false
blazingopen.space,suspend,false,false,Oliphant Tier 3,false
blob.cat,suspend,false,false,Oliphant Tier 3,false
blockedur.mom,suspend,false,false,Oliphant Tier 3,false
boks.moe,suspend,false,false,Oliphant Tier 3,false
brands.town,suspend,false,false,Oliphant Tier 3,false
brapbarn.farm,suspend,false,false,Oliphant Tier 3,false
bridge.birb.space,suspend,false,false,Oliphant Tier 3,false
bridge.yopp.me,suspend,false,false,Oliphant Tier 3,false
bsd.moe,suspend,false,false,Oliphant Tier 3,false
bungle.online,suspend,false,false,Oliphant Tier 3,false
cachapa.moe,suspend,false,false,Oliphant Tier 3,false
cachapa.xyz,suspend,false,false,Oliphant Tier 3,false
carnal-gabhub.protohype.net,suspend,false,false,Oliphant Tier 3,false
carnivore.social,suspend,false,false,Oliphant Tier 3,false
catgirls.nya.gay,suspend,false,false,Oliphant Tier 3,false
cawfee.club,suspend,false,false,Oliphant Tier 3,false
chaurocks.com,suspend,false,false,Oliphant Tier 3,false
chitter,suspend,false,false,Oliphant Tier 3,false
chudbuds.lol,suspend,false,false,Oliphant Tier 3,false
ckpg.space,suspend,false,false,Oliphant Tier 3,false
club.darknight-coffee.eu,suspend,false,false,Oliphant Tier 3,false
cnet.site,suspend,false,false,Oliphant Tier 3,false
collapsitarian.io,suspend,false,false,Oliphant Tier 3,false
comfyboy.club,suspend,false,false,Oliphant Tier 3,false
contrapointsfan.club,suspend,false,false,Oliphant Tier 3,false
coom.club,suspend,false,false,Oliphant Tier 3,false
counter.fedi.live,suspend,false,false,Oliphant Tier 3,false
crypto-group-buy.com,suspend,false,false,Oliphant Tier 3,false
cum.desupost.soy,suspend,false,false,Oliphant Tier 3,false
cybercriminal.eu,suspend,false,false,Oliphant Tier 3,false
cyberfurz.social,suspend,false,false,Oliphant Tier 3,false
cyberstorm.one,suspend,false,false,Oliphant Tier 3,false
d-fens.systems,suspend,false,false,Oliphant Tier 3,false
daffodil-11.org,suspend,false,false,Oliphant Tier 3,false
daishouri.moe,suspend,false,false,Oliphant Tier 3,false
danksquad.org,suspend,false,false,Oliphant Tier 3,false
dariox,suspend,false,false,Oliphant Tier 3,false
darknight-coffee.org,suspend,false,false,Oliphant Tier 3,false
daspr.io,suspend,false,false,Oliphant Tier 3,false
decept.org,suspend,false,false,Oliphant Tier 3,false
definitely-not-archivefedifor.fun,suspend,false,false,Oliphant Tier 3,false
degenerates.fail,suspend,false,false,Oliphant Tier 3,false
desupost.soy,suspend,false,false,Oliphant Tier 3,false
develop.gab.com,suspend,false,false,Oliphant Tier 3,false
dingdash.com,suspend,false,false,Oliphant Tier 3,false
disqordia.space,suspend,false,false,Oliphant Tier 3,false
dissident.business,suspend,false,false,Oliphant Tier 3,false
dixies.land,suspend,false,false,Oliphant Tier 3,false
dlf.social,suspend,false,false,Oliphant Tier 3,false
dobbs.town,suspend,false,false,Oliphant Tier 3,false
domain,suspend,false,false,Oliphant Tier 3,false
dtzbts.xyz,suspend,false,false,Oliphant Tier 3,false
eatthebugs.social,suspend,false,false,Oliphant Tier 3,false
elementality.org,suspend,false,false,Oliphant Tier 3,false
endtimebelievers.com,suspend,false,false,Oliphant Tier 3,false
epenguin.com,suspend,false,false,Oliphant Tier 3,false
episcodon.net,suspend,false,false,Oliphant Tier 3,false
etiketi.de,suspend,false,false,Oliphant Tier 3,false
fbxl.net,suspend,false,false,Oliphant Tier 3,false
fed.celp.de,suspend,false,false,Oliphant Tier 3,false
federated.fun,suspend,false,false,Oliphant Tier 3,false
fedi.app,suspend,false,false,Oliphant Tier 3,false
feminism.lgbt,suspend,false,false,Oliphant Tier 3,false
feral.cafe,suspend,false,false,Oliphant Tier 3,false
fightthis.net,suspend,false,false,Oliphant Tier 3,false
firebird.mullet.social,suspend,false,false,Oliphant Tier 3,false
firedragonstudios.com,suspend,false,false,Oliphant Tier 3,false
firefaithfellowship.com,suspend,false,false,Oliphant Tier 3,false
fiume.club,suspend,false,false,Oliphant Tier 3,false
fluf.club,suspend,false,false,Oliphant Tier 3,false
foxfam.club,suspend,false,false,Oliphant Tier 3,false
fr13nd5.com,suspend,false,false,Oliphant Tier 3,false
freedomstrike.net,suspend,false,false,Oliphant Tier 3,false
freedomstrike.org,suspend,false,false,Oliphant Tier 3,false
freemasonry.social,suspend,false,false,Oliphant Tier 3,false
freesoftwareextremist.com,suspend,false,false,Oliphant Tier 3,false
freespeech.group,suspend,false,false,Oliphant Tier 3,false
freetalklive.com,suspend,false,false,Oliphant Tier 3,false
freethinkers.lgbt,suspend,false,false,Oliphant Tier 3,false
freevoice.space,suspend,false,false,Oliphant Tier 3,false
freezepeach.xyz,suspend,false,false,Oliphant Tier 3,false
frennet.link,suspend,false,false,Oliphant Tier 3,false
frennet.xyz,suspend,false,false,Oliphant Tier 3,false
frens.mahodou.moe,suspend,false,false,Oliphant Tier 3,false
furries.club,suspend,false,false,Oliphant Tier 3,false
furry.energy,suspend,false,false,Oliphant Tier 3,false
gab.ai,suspend,false,false,Oliphant Tier 3,false
gab.com,suspend,false,false,Oliphant Tier 3,false
gab.polaris-1.work,suspend,false,false,Oliphant Tier 3,false
gab.protohype.net,suspend,false,false,Oliphant Tier 3,false
gamers.exposed,suspend,false,false,Oliphant Tier 3,false
gangstalking.services,suspend,false,false,Oliphant Tier 3,false
gayfr.social,suspend,false,false,Oliphant Tier 3,false
gentoo.live,suspend,false,false,Oliphant Tier 3,false
getgle.org,suspend,false,false,Oliphant Tier 3,false
ghetti.monster,suspend,false,false,Oliphant Tier 3,false
gitmo.life,suspend,false,false,Oliphant Tier 3,false
glowers.club,suspend,false,false,Oliphant Tier 3,false
gorf.pub,suspend,false,false,Oliphant Tier 3,false
goyslop.cafe,suspend,false,false,Oliphant Tier 3,false
guizzyordi.info,suspend,false,false,Oliphant Tier 3,false
hallsofamenti.io,suspend,false,false,Oliphant Tier 3,false
handicapped.tk,suspend,false,false,Oliphant Tier 3,false
hedgehoghunter.club,suspend,false,false,Oliphant Tier 3,false
helladoge.com,suspend,false,false,Oliphant Tier 3,false
hendrixgames.com,suspend,false,false,Oliphant Tier 3,false
hentai.baby,suspend,false,false,Oliphant Tier 3,false
hidamari.apartments,suspend,false,false,Oliphant Tier 3,false
hub.natehiggers.online,suspend,false,false,Oliphant Tier 3,false
humblr.social,suspend,false,false,Oliphant Tier 3,false
husk.site,suspend,false,false,Oliphant Tier 3,false
ignorelist.com,suspend,false,false,Oliphant Tier 3,false
imirhil.fr,suspend,false,false,Oliphant Tier 3,false
inferencium.net,suspend,false,false,Oliphant Tier 3,false
intkos.link,suspend,false,false,Oliphant Tier 3,false
inumbra.xyz,suspend,false,false,Oliphant Tier 3,false
jaeger.website,suspend,false,false,Oliphant Tier 3,false
justbros.xyz,suspend,false,false,Oliphant Tier 3,false
justicewarrior.social,suspend,false,false,Oliphant Tier 3,false
kabuki.club,suspend,false,false,Oliphant Tier 3,false
kangaroo.to,suspend,false,false,Oliphant Tier 3,false
kawa-kun.com,suspend,false,false,Oliphant Tier 3,false
kawen.space,suspend,false,false,Oliphant Tier 3,false
kcl.academy,suspend,false,false,Oliphant Tier 3,false
kenfm.de,suspend,false,false,Oliphant Tier 3,false
kenhbit.com,suspend,false,false,Oliphant Tier 3,false
kinky.business,suspend,false,false,Oliphant Tier 3,false
kiwifarm.is,suspend,false,false,Oliphant Tier 3,false
kiwifarms.is,suspend,false,false,Oliphant Tier 3,false
kiwifarms.net,suspend,false,false,Oliphant Tier 3,false
kompost.cz,suspend,false,false,Oliphant Tier 3,false
krdtube.org,suspend,false,false,Oliphant Tier 3,false
kys.moe,suspend,false,false,Oliphant Tier 3,false
ladies.community,suspend,false,false,Oliphant Tier 3,false
lain.com,suspend,false,false,Oliphant Tier 3,false
lain.gay,suspend,false,false,Oliphant Tier 3,false
lain.sh,suspend,false,false,Oliphant Tier 3,false
leftychan.net,suspend,false,false,Oliphant Tier 3,false
leonardwong.dev,suspend,false,false,Oliphant Tier 3,false
letsalllovela.in,suspend,false,false,Oliphant Tier 3,false
lewdieheaven.com,suspend,false,false,Oliphant Tier 3,false
libre.video,suspend,false,false,Oliphant Tier 3,false
librem.one,suspend,false,false,Oliphant Tier 3,false
librenet.co.za,suspend,false,false,Oliphant Tier 3,false
lizards.live,suspend,false,false,Oliphant Tier 3,false
localtunnel.me,suspend,false,false,Oliphant Tier 3,false
logografos.com,suspend,false,false,Oliphant Tier 3,false
lolisontop.com,suspend,false,false,Oliphant Tier 3,false
lucasvl.nl,suspend,false,false,Oliphant Tier 3,false
m.tkw.fm,suspend,false,false,Oliphant Tier 3,false
mahodou.moe,suspend,false,false,Oliphant Tier 3,false
maladaptive.art,suspend,false,false,Oliphant Tier 3,false
mao.mastodonhub.com,suspend,false,false,Oliphant Tier 3,false
mapsupport.de,suspend,false,false,Oliphant Tier 3,false
marsey.club,suspend,false,false,Oliphant Tier 3,false
masochi.st,suspend,false,false,Oliphant Tier 3,false
mast.socialspill.com,suspend,false,false,Oliphant Tier 3,false
mastertibbles.co.uk,suspend,false,false,Oliphant Tier 3,false
masthead.social,suspend,false,false,Oliphant Tier 3,false
mastodon.cf,suspend,false,false,Oliphant Tier 3,false
mastodon.macneilmediagroup.com,suspend,false,false,Oliphant Tier 3,false
mastodon.se,suspend,false,false,Oliphant Tier 3,false
mastodong.lol,suspend,false,false,Oliphant Tier 3,false
mastodonhub.com,suspend,false,false,Oliphant Tier 3,false
megamast.io,suspend,false,false,Oliphant Tier 3,false
meld.de,suspend,false,false,Oliphant Tier 3,false
meme.moe,suspend,false,false,Oliphant Tier 3,false
meow.social,suspend,false,false,Oliphant Tier 3,false
midnightride.rs,suspend,false,false,Oliphant Tier 3,false
miku-enthusiast.club,suspend,false,false,Oliphant Tier 3,false
milker.cafe,suspend,false,false,Oliphant Tier 3,false
miruku.cafe,suspend,false,false,Oliphant Tier 3,false
misskey-forkbomb.cf,suspend,false,false,Oliphant Tier 3,false
moa.st,suspend,false,false,Oliphant Tier 3,false
monstergirl.space,suspend,false,false,Oliphant Tier 3,false
mostr.pub,suspend,false,false,Oliphant Tier 3,false
mrhands.horse,suspend,false,false,Oliphant Tier 3,false
natehiggers.online,suspend,false,false,Oliphant Tier 3,false
nationaljustice.social,suspend,false,false,Oliphant Tier 3,false
neckbeard.xyz,suspend,false,false,Oliphant Tier 3,false
nekocave.xyz,suspend,false,false,Oliphant Tier 3,false
neurodiver.ge,suspend,false,false,Oliphant Tier 3,false
ngrok.io,suspend,false,false,Oliphant Tier 3,false
nightshift.social,suspend,false,false,Oliphant Tier 3,false
niscii.xyz,suspend,false,false,Oliphant Tier 3,false
normie.cafe,suspend,false,false,Oliphant Tier 3,false
novoa.nagoya,suspend,false,false,Oliphant Tier 3,false
ns.auction,suspend,false,false,Oliphant Tier 3,false
nukem.biz,suspend,false,false,Oliphant Tier 3,false
obo.sh,suspend,false,false,Oliphant Tier 3,false
oti.st,suspend,false,false,Oliphant Tier 3,false
oursocialism.today,suspend,false,false,Oliphant Tier 3,false
outpoa.st,suspend,false,false,Oliphant Tier 3,false
pachyder.me,suspend,false,false,Oliphant Tier 3,false
pawb.fun,suspend,false,false,Oliphant Tier 3,false
paypig.org,suspend,false,false,Oliphant Tier 3,false
pengi-san.moe,suspend,false,false,Oliphant Tier 3,false
pizzaf.art,suspend,false,false,Oliphant Tier 3,false
pkteerium.xyz,suspend,false,false,Oliphant Tier 3,false
pleroma.fun,suspend,false,false,Oliphant Tier 3,false
pleroma.hatthieves.es,suspend,false,false,Oliphant Tier 3,false
pleroma.us,suspend,false,false,Oliphant Tier 3,false
plma.plus.st,suspend,false,false,Oliphant Tier 3,false
pmth.us,suspend,false,false,Oliphant Tier 3,false
pone.social,suspend,false,false,Oliphant Tier 3,false
pooper.social,suspend,false,false,Oliphant Tier 3,false
poridge.club,suspend,false,false,Oliphant Tier 3,false
porn-k.com,suspend,false,false,Oliphant Tier 3,false
posix.gay,suspend,false,false,Oliphant Tier 3,false
pravda.me,suspend,false,false,Oliphant Tier 3,false
privex.social,suspend,false,false,Oliphant Tier 3,false
pseudo-whiskey.bar,suspend,false,false,Oliphant Tier 3,false
psion.co,suspend,false,false,Oliphant Tier 3,false
pube.tk,suspend,false,false,Oliphant Tier 3,false
quanta.wiki,suspend,false,false,Oliphant Tier 3,false
rage.lol,suspend,false,false,Oliphant Tier 3,false
rayn.bo,suspend,false,false,Oliphant Tier 3,false
rcsocial.net,suspend,false,false,Oliphant Tier 3,false
rdrama.cc,suspend,false,false,Oliphant Tier 3,false
refusal.biz,suspend,false,false,Oliphant Tier 3,false
repl.co,suspend,false,false,Oliphant Tier 3,false
republic.red,suspend,false,false,Oliphant Tier 3,false
rojogato.com,suspend,false,false,Oliphant Tier 3,false
rot.gives,suspend,false,false,Oliphant Tier 3,false
ruinouspowe.rs,suspend,false,false,Oliphant Tier 3,false
satoshishop.de,suspend,false,false,Oliphant Tier 3,false
scots.network,suspend,false,false,Oliphant Tier 3,false
scrapist.xyz,suspend,false,false,Oliphant Tier 3,false
shadowsocial.org,suspend,false,false,Oliphant Tier 3,false
sharivegas.com,suspend,false,false,Oliphant Tier 3,false
sheep.network,suspend,false,false,Oliphant Tier 3,false
shitposter.club,suspend,false,false,Oliphant Tier 3,false
shitposting.army,suspend,false,false,Oliphant Tier 3,false
shortstackran.ch,suspend,false,false,Oliphant Tier 3,false
shota.house,suspend,false,false,Oliphant Tier 3,false
shota.social,suspend,false,false,Oliphant Tier 3,false
shrimpcam.pw,suspend,false,false,Oliphant Tier 3,false
shrimpposter.club,suspend,false,false,Oliphant Tier 3,false
sinblr.com,suspend,false,false,Oliphant Tier 3,false
snaggletooth.life,suspend,false,false,Oliphant Tier 3,false
sneak.berlin,suspend,false,false,Oliphant Tier 3,false
soc.ua-fediland.de,suspend,false,false,Oliphant Tier 3,false
social.mykolayiv.dcomm.net.ua,suspend,false,false,Oliphant Tier 3,false
social.netz.org,suspend,false,false,Oliphant Tier 3,false
social.projectsegfau.lt,suspend,false,false,Oliphant Tier 3,false
social.wildeboer.net,suspend,false,false,Oliphant Tier 3,false
solagg.com,suspend,false,false,Oliphant Tier 3,false
sovran.social,suspend,false,false,Oliphant Tier 3,false
soykaf.com,suspend,false,false,Oliphant Tier 3,false
sperg.city,suspend,false,false,Oliphant Tier 3,false
squid.kids,suspend,false,false,Oliphant Tier 3,false
starnix.network,suspend,false,false,Oliphant Tier 3,false
stereophonic.space,suspend,false,false,Oliphant Tier 3,false
strelizia.net,suspend,false,false,Oliphant Tier 3,false
supes.com,suspend,false,false,Oliphant Tier 3,false
switter.at,suspend,false,false,Oliphant Tier 3,false
t.l3r.me,suspend,false,false,Oliphant Tier 3,false
takesama.com,suspend,false,false,Oliphant Tier 3,false
terrible.place,suspend,false,false,Oliphant Tier 3,false
thebag.social,suspend,false,false,Oliphant Tier 3,false
theres.life,suspend,false,false,Oliphant Tier 3,false
bubbletea.dev,suspend,false,false,Oliphant Tier 3,false
tmediatech.io,suspend,false,false,Oliphant Tier 3,false
tnd.lol,suspend,false,false,Oliphant Tier 3,false
toot.canberrasocial.net,suspend,false,false,Oliphant Tier 3,false
toot.love,suspend,false,false,Oliphant Tier 3,false
traboone.com,suspend,false,false,Oliphant Tier 3,false
troll.cafe,suspend,false,false,Oliphant Tier 3,false
truthsocial.com,suspend,false,false,Oliphant Tier 3,false
truthsocial.st,suspend,false,false,Oliphant Tier 3,false
truthsocialpro.org,suspend,false,false,Oliphant Tier 3,false
tweets.icu,suspend,false,false,Oliphant Tier 3,false
tweety.icu,suspend,false,false,Oliphant Tier 3,false
twimblr.live,suspend,false,false,Oliphant Tier 3,false
twimblr.xyz,suspend,false,false,Oliphant Tier 3,false
twitiverse.com,suspend,false,false,Oliphant Tier 3,false
twitter.1d4.us,suspend,false,false,Oliphant Tier 3,false
twitter.grants.cafe,suspend,false,false,Oliphant Tier 3,false
twtr.ingeechat.party,suspend,false,false,Oliphant Tier 3,false
twtr.plus,suspend,false,false,Oliphant Tier 3,false
twtr.vrij.social,suspend,false,false,Oliphant Tier 3,false
twtr.wappie.land,suspend,false,false,Oliphant Tier 3,false
twtrbridge.de,suspend,false,false,Oliphant Tier 3,false
tyil.nl,suspend,false,false,Oliphant Tier 3,false
ua-fediland.de,suspend,false,false,Oliphant Tier 3,false
udongein.xyz,suspend,false,false,Oliphant Tier 3,false
unperson.us,suspend,false,false,Oliphant Tier 3,false
unsafe.space,suspend,false,false,Oliphant Tier 3,false
urchan.org,suspend,false,false,Oliphant Tier 3,false
ursal.zone,suspend,false,false,Oliphant Tier 3,false
urspringer.de,suspend,false,false,Oliphant Tier 3,false
uwu.social,suspend,false,false,Oliphant Tier 3,false
valkyrie.world,suspend,false,false,Oliphant Tier 3,false
vance.land,suspend,false,false,Oliphant Tier 3,false
verita84.com,suspend,false,false,Oliphant Tier 3,false
vrij.social,suspend,false,false,Oliphant Tier 3,false
wagesofsinisdeath.com,suspend,false,false,Oliphant Tier 3,false
waifu.social,suspend,false,false,Oliphant Tier 3,false
waifuappreciation.club,suspend,false,false,Oliphant Tier 3,false
waifuism.life,suspend,false,false,Oliphant Tier 3,false
weeaboo.space,suspend,false,false,Oliphant Tier 3,false
weedis.life,suspend,false,false,Oliphant Tier 3,false
whinge.house,suspend,false,false,Oliphant Tier 3,false
whinge.town,suspend,false,false,Oliphant Tier 3,false
wideboys.org,suspend,false,false,Oliphant Tier 3,false
wiki-tube.de,suspend,false,false,Oliphant Tier 3,false
wintermute.fr.to,suspend,false,false,Oliphant Tier 3,false
womyns.land,suspend,false,false,Oliphant Tier 3,false
woof.tech,suspend,false,false,Oliphant Tier 3,false
woofer.alfter.us,suspend,false,false,Oliphant Tier 3,false
workers.dev,suspend,false,false,Oliphant Tier 3,false
worm.pink,suspend,false,false,Oliphant Tier 3,false
wreck.rocks,suspend,false,false,Oliphant Tier 3,false
writehere.is,suspend,false,false,Oliphant Tier 3,false
wurm.host,suspend,false,false,Oliphant Tier 3,false
wxw.moe,suspend,false,false,Oliphant Tier 3,false
x0f.org,suspend,false,false,Oliphant Tier 3,false
xaetacore.net,suspend,false,false,Oliphant Tier 3,false
xcess.one,suspend,false,false,Oliphant Tier 3,false
xenofem.me,suspend,false,false,Oliphant Tier 3,false
xhais.love,suspend,false,false,Oliphant Tier 3,false
xmrposter.club,suspend,false,false,Oliphant Tier 3,false
xscape.top,suspend,false,false,Oliphant Tier 3,false
xxxtumblr.org,suspend,false,false,Oliphant Tier 3,false
yams.lol,suspend,false,false,Oliphant Tier 3,false
yeshuafreedom.com,suspend,false,false,Oliphant Tier 3,false
yiff.life,suspend,false,false,Oliphant Tier 3,false
yukioke.com,suspend,false,false,Oliphant Tier 3,false
yuriposter.club,suspend,false,false,Oliphant Tier 3,false
yuukosan.xyz,suspend,false,false,Oliphant Tier 3,false
z0ne.social,suspend,false,false,Oliphant Tier 3,false
zedsocial.ca,suspend,false,false,Oliphant Tier 3,false
zetamu.club,suspend,false,false,Oliphant Tier 3,false
zholnay.name,suspend,false,false,Oliphant Tier 3,false
zhub.link,suspend,false,false,Oliphant Tier 3,false
zip2.social,suspend,false,false,Oliphant Tier 3,false
zokni.xyz,suspend,false,false,Oliphant Tier 3,false
zombiecats.run,suspend,false,false,Oliphant Tier 3,false
zyzzsupremacy.xyz,suspend,false,false,Oliphant Tier 3,false
blockriot.com,suspend,false,false,Oliphant Tier 3,false
bofa.lol,suspend,false,false,Oliphant Tier 3,false
bofh.social,suspend,false,false,Oliphant Tier 3,false
boingo00.wtf,suspend,false,false,Oliphant Tier 3,false
boles.xyz,suspend,false,false,Oliphant Tier 3,false
boobytooth.social,suspend,false,false,Oliphant Tier 3,false
boseburo.ddns.net,suspend,false,false,Oliphant Tier 3,false
botsin.space,suspend,false,false,Oliphant Tier 3,false
boyter.org,suspend,false,false,Oliphant Tier 3,false
bozgor.org,suspend,false,false,Oliphant Tier 3,false
brotka.st,suspend,false,false,Oliphant Tier 3,false
btrf.ly,suspend,false,false,Oliphant Tier 3,false
btrfly.social,suspend,false,false,Oliphant Tier 3,false
bunny.cafe,suspend,false,false,Oliphant Tier 3,false
burger.rodeo,suspend,false,false,Oliphant Tier 3,false
busshi.moe,suspend,false,false,Oliphant Tier 3,false
bylines.social,suspend,false,false,Oliphant Tier 3,false
threads.instagram.com,suspend,false,false,Oliphant Tier 3,false
zztails.wtf,suspend,false,false,Oliphant Tier 3,false
borg.social,suspend,false,false,Oliphant Tier 3,false
cafkafk.com,suspend,false,false,Oliphant Tier 3,false
calobar.club,suspend,false,false,Oliphant Tier 3,false
capitalism.party,suspend,false,false,Oliphant Tier 3,false
capystan.net,suspend,false,false,Oliphant Tier 3,false
cdrom.tokyo,suspend,false,false,Oliphant Tier 3,false
cheeseburger.social,suspend,false,false,Oliphant Tier 3,false
chocoflan.net,suspend,false,false,Oliphant Tier 3,false
chudbuds.org,suspend,false,false,Oliphant Tier 3,false
chungus.cc,suspend,false,false,Oliphant Tier 3,false
cloudisland.online,suspend,false,false,Oliphant Tier 3,false
cobblestone.rocks,suspend,false,false,Oliphant Tier 3,false
cofeti.me,suspend,false,false,Oliphant Tier 3,false
comfysnug.space,suspend,false,false,Oliphant Tier 3,false
community.halle-leaks.de,suspend,false,false,Oliphant Tier 3,false
computerfairi.es,suspend,false,false,Oliphant Tier 3,false
coolsite.win,suspend,false,false,Oliphant Tier 3,false
counter.social,suspend,false,false,Oliphant Tier 3,false
crowleyclub.com,suspend,false,false,Oliphant Tier 3,false
cryptocartel.social,suspend,false,false,Oliphant Tier 3,false
cybercrusade.xyz,suspend,false,false,Oliphant Tier 3,false
cyberretards.xyz,suspend,false,false,Oliphant Tier 3,false
cyuucat.moe,suspend,false,false,Oliphant Tier 3,false
danksquad.xyz,suspend,false,false,Oliphant Tier 3,false
dark-alexandr.net,suspend,false,false,Oliphant Tier 3,false
darlow.co.uk,suspend,false,false,Oliphant Tier 3,false
dd0s.lol,suspend,false,false,Oliphant Tier 3,false
deadreckoning.cc,suspend,false,false,Oliphant Tier 3,false
debilosempire.org,suspend,false,false,Oliphant Tier 3,false
declin.eu,suspend,false,false,Oliphant Tier 3,false
deepnexus.link,suspend,false,false,Oliphant Tier 3,false
desuposter.club,suspend,false,false,Oliphant Tier 3,false
dev-wiki.de,suspend,false,false,Oliphant Tier 3,false
carrot.army,suspend,false,false,Oliphant Tier 3,false
diamondelizaa.com,suspend,false,false,Oliphant Tier 3,false
dmgd.monster,suspend,false,false,Oliphant Tier 3,false
doctors4covidethics.org,suspend,false,false,Oliphant Tier 3,false
circlebasti.at,suspend,false,false,Oliphant Tier 3,false
dogsex.org,suspend,false,false,Oliphant Tier 3,false
donotban.com,suspend,false,false,Oliphant Tier 3,false
dotnet00.dev,suspend,false,false,Oliphant Tier 3,false
dragoncave.dev,suspend,false,false,Oliphant Tier 3,false
dragonpsi.xyz,suspend,false,false,Oliphant Tier 3,false
drow.be,suspend,false,false,Oliphant Tier 3,false
drunkposter.club,suspend,false,false,Oliphant Tier 3,false
ctseuro.com,suspend,false,false,Oliphant Tier 3,false
dsocialize.net,suspend,false,false,Oliphant Tier 3,false
duckdns.org,suspend,false,false,Oliphant Tier 3,false
durst.world,suspend,false,false,Oliphant Tier 3,false
ebin.club,suspend,false,false,Oliphant Tier 3,false
echelon.pl,suspend,false,false,Oliphant Tier 3,false
eeeeeeeee.eu,suspend,false,false,Oliphant Tier 3,false
eepygirls.tech,suspend,false,false,Oliphant Tier 3,false
elonsucks.org,suspend,false,false,Oliphant Tier 3,false
enes.lv,suspend,false,false,Oliphant Tier 3,false
enjoyer.network,suspend,false,false,Oliphant Tier 3,false
doesnotexist.club,suspend,false,false,Oliphant Tier 3,false
epsilon.social,suspend,false,false,Oliphant Tier 3,false
eskimo.com,suspend,false,false,Oliphant Tier 3,false
esmailelbob.xyz,suspend,false,false,Oliphant Tier 3,false
exploding-heads.com,suspend,false,false,Oliphant Tier 3,false
expression.social,suspend,false,false,Oliphant Tier 3,false
ey.business,suspend,false,false,Oliphant Tier 3,false
faggot.zone,suspend,false,false,Oliphant Tier 3,false
famichiki.jp,suspend,false,false,Oliphant Tier 3,false
fapsi.be,suspend,false,false,Oliphant Tier 3,false
explosion.party,suspend,false,false,Oliphant Tier 3,false
fluffytail.org,suspend,false,false,Oliphant Tier 3,false
fedi.site,suspend,false,false,Oliphant Tier 3,false
fediverse-lite.com,suspend,false,false,Oliphant Tier 3,false
freedomofpress.rocks,suspend,false,false,Oliphant Tier 3,false
freefedifollowers.ga,suspend,false,false,Oliphant Tier 3,false
freespeech.club,suspend,false,false,Oliphant Tier 3,false
freespeech.fans,suspend,false,false,Oliphant Tier 3,false
friends.nico,suspend,false,false,Oliphant Tier 3,false
freespeech.host,suspend,false,false,Oliphant Tier 3,false
freewahaextremist.wtf,suspend,false,false,Oliphant Tier 3,false
freezepeach.online,suspend,false,false,Oliphant Tier 3,false
fuwa.pink,suspend,false,false,Oliphant Tier 3,false
gegenstimme.tv,suspend,false,false,Oliphant Tier 3,false
g3l.org,suspend,false,false,Oliphant Tier 3,false
gab.best,suspend,false,false,Oliphant Tier 3,false
gab.io,suspend,false,false,Oliphant Tier 3,false
gabble.xyz,suspend,false,false,Oliphant Tier 3,false
gabe.rocks,suspend,false,false,Oliphant Tier 3,false
gabfed.com,suspend,false,false,Oliphant Tier 3,false
gasthe.lgbt,suspend,false,false,Oliphant Tier 3,false
gecekafasi.com,suspend,false,false,Oliphant Tier 3,false
getindor.com,suspend,false,false,Oliphant Tier 3,false
gigaohm.bio,suspend,false,false,Oliphant Tier 3,false
gizode.com,suspend,false,false,Oliphant Tier 3,false
globalwarming.fun,suspend,false,false,Oliphant Tier 3,false
glowie.cloud,suspend,false,false,Oliphant Tier 3,false
glownow.club,suspend,false,false,Oliphant Tier 3,false
godspeed.moe,suspend,false,false,Oliphant Tier 3,false
gorf.club,suspend,false,false,Oliphant Tier 3,false
homoo.social,suspend,false,false,Oliphant Tier 3,false
gravure.club,suspend,false,false,Oliphant Tier 3,false
graz.social,suspend,false,false,Oliphant Tier 3,false
greenboys.club,suspend,false,false,Oliphant Tier 3,false
hagra.net,suspend,false,false,Oliphant Tier 3,false
haskovec.social,suspend,false,false,Oliphant Tier 3,false
hdcraft.xyz,suspend,false,false,Oliphant Tier 3,false
headcannon.xyz,suspend,false,false,Oliphant Tier 3,false
headpat.cafe,suspend,false,false,Oliphant Tier 3,false
hellthread.church,suspend,false,false,Oliphant Tier 3,false
isekco.re,suspend,false,false,Oliphant Tier 3,false
here.blue,suspend,false,false,Oliphant Tier 3,false
hermit.cafe,suspend,false,false,Oliphant Tier 3,false
hermitmountain.top,suspend,false,false,Oliphant Tier 3,false
himk.am,suspend,false,false,Oliphant Tier 3,false
hirad.it,suspend,false,false,Oliphant Tier 3,false
hoto.rocks,suspend,false,false,Oliphant Tier 3,false
iamterminally.online,suspend,false,false,Oliphant Tier 3,false
icod.de,suspend,false,false,Oliphant Tier 3,false
idolheaven.org,suspend,false,false,Oliphant Tier 3,false
ilias.church,suspend,false,false,Oliphant Tier 3,false
illegitimate.technology,suspend,false,false,Oliphant Tier 3,false
immibis.com,suspend,false,false,Oliphant Tier 3,false
impeccable.social,suspend,false,false,Oliphant Tier 3,false
incorrigible.moe,suspend,false,false,Oliphant Tier 3,false
indiefedi.party,suspend,false,false,Oliphant Tier 3,false
initiate.space,suspend,false,false,Oliphant Tier 3,false
injection.love,suspend,false,false,Oliphant Tier 3,false
ironbug.org,suspend,false,false,Oliphant Tier 3,false
itmslaves.com,suspend,false,false,Oliphant Tier 3,false
jayus.net,suspend,false,false,Oliphant Tier 3,false
jir.moe,suspend,false,false,Oliphant Tier 3,false
jollyville.net,suspend,false,false,Oliphant Tier 3,false
jorts.horse,suspend,false,false,Oliphant Tier 3,false
jpop.club,suspend,false,false,Oliphant Tier 3,false
juche.town,suspend,false,false,Oliphant Tier 3,false
jvpiter.net,suspend,false,false,Oliphant Tier 3,false
kabukimono.top,suspend,false,false,Oliphant Tier 3,false
kafeneio.social,suspend,false,false,Oliphant Tier 3,false
kafka.icu,suspend,false,false,Oliphant Tier 3,false
kag.social,suspend,false,false,Oliphant Tier 3,false
kalli.st,suspend,false,false,Oliphant Tier 3,false
kansanvalta.org,suspend,false,false,Oliphant Tier 3,false
karkatdyinginagluetrap.com,suspend,false,false,Oliphant Tier 3,false
karl.guru,suspend,false,false,Oliphant Tier 3,false
kazv.moe,suspend,false,false,Oliphant Tier 3,false
keinpfusch.net,suspend,false,false,Oliphant Tier 3,false
kelarima.com,suspend,false,false,Oliphant Tier 3,false
khajiit.tech,suspend,false,false,Oliphant Tier 3,false
kibitz.cloud,suspend,false,false,Oliphant Tier 3,false
kisslolis.moe,suspend,false,false,Oliphant Tier 3,false
kopimi.space,suspend,false,false,Oliphant Tier 3,false
kotobank.ch,suspend,false,false,Oliphant Tier 3,false
koyu.space,suspend,false,false,Oliphant Tier 3,false
kyou.social,suspend,false,false,Oliphant Tier 3,false
mapsupport.club,suspend,false,false,Oliphant Tier 3,false
lain.bar,suspend,false,false,Oliphant Tier 3,false
lain.la,suspend,false,false,Oliphant Tier 3,false
lainchan.gay,suspend,false,false,Oliphant Tier 3,false
lainon.life,suspend,false,false,Oliphant Tier 3,false
lambright.com,suspend,false,false,Oliphant Tier 3,false
lanuevebastarda.es,suspend,false,false,Oliphant Tier 3,false
lawstodon.social,suspend,false,false,Oliphant Tier 3,false
layer08.com,suspend,false,false,Oliphant Tier 3,false
leadslinger.org,suspend,false,false,Oliphant Tier 3,false
leftic.club,suspend,false,false,Oliphant Tier 3,false
leftlibertarian.club,suspend,false,false,Oliphant Tier 3,false
lemmygrad.ml,suspend,false,false,Oliphant Tier 3,false
lets.bemoe.online,suspend,false,false,Oliphant Tier 3,false
libbie.cloud,suspend,false,false,Oliphant Tier 3,false
liberal.city,suspend,false,false,Oliphant Tier 3,false
libertynode.net,suspend,false,false,Oliphant Tier 3,false
libre.tube,suspend,false,false,Oliphant Tier 3,false
librosphere.fr,suspend,false,false,Oliphant Tier 3,false
libtar.de,suspend,false,false,Oliphant Tier 3,false
linuxrocks.online,suspend,false,false,Oliphant Tier 3,false
loadaverage.org,suspend,false,false,Oliphant Tier 3,false
loli.estate,suspend,false,false,Oliphant Tier 3,false
loli.pizza,suspend,false,false,Oliphant Tier 3,false
lolicon.win,suspend,false,false,Oliphant Tier 3,false
lolis.world,suspend,false,false,Oliphant Tier 3,false
lolitube.moe,suspend,false,false,Oliphant Tier 3,false
loliverse.xyz,suspend,false,false,Oliphant Tier 3,false
longyap.name.my,suspend,false,false,Oliphant Tier 3,false
lovesick.social,suspend,false,false,Oliphant Tier 3,false
lukesmith.xyz,suspend,false,false,Oliphant Tier 3,false
patriot.online,suspend,false,false,Oliphant Tier 3,false
lulz.win,suspend,false,false,Oliphant Tier 3,false
m0n5t3r.info,suspend,false,false,Oliphant Tier 3,false
macsnet.cz,suspend,false,false,Oliphant Tier 3,false
magicalmirro.red,suspend,false,false,Oliphant Tier 3,false
petrolkorps.cc,suspend,false,false,Oliphant Tier 3,false
magicfedi.su,suspend,false,false,Oliphant Tier 3,false
maneisacutie.club,suspend,false,false,Oliphant Tier 3,false
marsey.moe,suspend,false,false,Oliphant Tier 3,false
mastindia.co,suspend,false,false,Oliphant Tier 3,false
mastobate.social,suspend,false,false,Oliphant Tier 3,false
mastod.no,suspend,false,false,Oliphant Tier 3,false
mastodon.loliandstuff.moe,suspend,false,false,Oliphant Tier 3,false
rainbowdash.net,suspend,false,false,Oliphant Tier 3,false
mastodon.ml,suspend,false,false,Oliphant Tier 3,false
mcjarbo.com,suspend,false,false,Oliphant Tier 3,false
md.kakise.tech,suspend,false,false,Oliphant Tier 3,false
meatbag.app,suspend,false,false,Oliphant Tier 3,false
melonbread.dev,suspend,false,false,Oliphant Tier 3,false
mercurial.blog,suspend,false,false,Oliphant Tier 3,false
micca.xyz,suspend,false,false,Oliphant Tier 3,false
milkers.online,suspend,false,false,Oliphant Tier 3,false
minds.com,suspend,false,false,Oliphant Tier 3,false
minidisc.tokyo,suspend,false,false,Oliphant Tier 3,false
miniwa.moe,suspend,false,false,Oliphant Tier 3,false
shrine.moe,suspend,false,false,Oliphant Tier 3,false
misono-ya.info,suspend,false,false,Oliphant Tier 3,false
misskey.gg,suspend,false,false,Oliphant Tier 3,false
misskey.xyz,suspend,false,false,Oliphant Tier 3,false
moe.onl,suspend,false,false,Oliphant Tier 3,false
monads.online,suspend,false,false,Oliphant Tier 3,false
mondoweiss.net,suspend,false,false,Oliphant Tier 3,false
mooo.com,suspend,false,false,Oliphant Tier 3,false
mu.zaitcev.nu,suspend,false,false,Oliphant Tier 3,false
mulmeyun.church,suspend,false,false,Oliphant Tier 3,false
murky.club,suspend,false,false,Oliphant Tier 3,false
musksocial.com,suspend,false,false,Oliphant Tier 3,false
myasstodon.xyz,suspend,false,false,Oliphant Tier 3,false
mycub.space,suspend,false,false,Oliphant Tier 3,false
nafo.uk,suspend,false,false,Oliphant Tier 3,false
naharia.net,suspend,false,false,Oliphant Tier 3,false
neet.church,suspend,false,false,Oliphant Tier 3,false
neighborli.xyz,suspend,false,false,Oliphant Tier 3,false
nekoea.red,suspend,false,false,Oliphant Tier 3,false
neomobius.com,suspend,false,false,Oliphant Tier 3,false
netz.org,suspend,false,false,Oliphant Tier 3,false
netzsphaere.xyz,suspend,false,false,Oliphant Tier 3,false
neue.city,suspend,false,false,Oliphant Tier 3,false
nishi.boats,suspend,false,false,Oliphant Tier 3,false
nitecrew.rip,suspend,false,false,Oliphant Tier 3,false
nixnet.social,suspend,false,false,Oliphant Tier 3,false
notbird.site,suspend,false,false,Oliphant Tier 3,false
nscio.us,suspend,false,false,Oliphant Tier 3,false
nuked.social,suspend,false,false,Oliphant Tier 3,false
onionfarms.org,suspend,false,false,Oliphant Tier 3,false
onlyfeds.cc,suspend,false,false,Oliphant Tier 3,false
opalstack.social,suspend,false,false,Oliphant Tier 3,false
ortodogs.info,suspend,false,false,Oliphant Tier 3,false
otakufarms.com,suspend,false,false,Oliphant Tier 3,false
otr.rocks,suspend,false,false,Oliphant Tier 3,false
outerheaven.club,suspend,false,false,Oliphant Tier 3,false
outerkosm.us,suspend,false,false,Oliphant Tier 3,false
outrnat.nl,suspend,false,false,Oliphant Tier 3,false
paradigm-x.tokyo,suspend,false,false,Oliphant Tier 3,false
paravielfalt.zone,suspend,false,false,Oliphant Tier 3,false
dline.xyz,suspend,false,false,Oliphant Tier 3,false
paws.moe,suspend,false,false,Oliphant Tier 3,false
payfrit.com,suspend,false,false,Oliphant Tier 3,false
pech.tech,suspend,false,false,Oliphant Tier 3,false
campduffel.social,suspend,false,false,Oliphant Tier 3,false
persia.social,suspend,false,false,Oliphant Tier 3,false
chamba.social,suspend,false,false,Oliphant Tier 3,false
pettanko.art,suspend,false,false,Oliphant Tier 3,false
phreedom.club,suspend,false,false,Oliphant Tier 3,false
civiq.social,suspend,false,false,Oliphant Tier 3,false
phreedom.tk,suspend,false,false,Oliphant Tier 3,false
pissqordia.space,suspend,false,false,Oliphant Tier 3,false
pixificial.xyz,suspend,false,false,Oliphant Tier 3,false
crlf.ninja,suspend,false,false,Oliphant Tier 3,false
pl.skyn3t.in,suspend,false,false,Oliphant Tier 3,false
csdisaster.club,suspend,false,false,Oliphant Tier 3,false
platypush.tech,suspend,false,false,Oliphant Tier 3,false
pleroma.karjalazet.se,suspend,false,false,Oliphant Tier 3,false
plus.st,suspend,false,false,Oliphant Tier 3,false
poast.eth,suspend,false,false,Oliphant Tier 3,false
pod.vladtepesblog.com,suspend,false,false,Oliphant Tier 3,false
devs.live,suspend,false,false,Oliphant Tier 3,false
postnstuffds.lol,suspend,false,false,Oliphant Tier 3,false
pouque.net,suspend,false,false,Oliphant Tier 3,false
poweredbycocaine.com,suspend,false,false,Oliphant Tier 3,false
probablyfreespeech.com,suspend,false,false,Oliphant Tier 3,false
projectftm.com,suspend,false,false,Oliphant Tier 3,false
prout.social,suspend,false,false,Oliphant Tier 3,false
pso.li,suspend,false,false,Oliphant Tier 3,false
psyopshop.com,suspend,false,false,Oliphant Tier 3,false
queer.hacktivis.me,suspend,false,false,Oliphant Tier 3,false
quey.la,suspend,false,false,Oliphant Tier 3,false
quitter.pw,suspend,false,false,Oliphant Tier 3,false
rageparty.club,suspend,false,false,Oliphant Tier 3,false
raspberrypi.social,suspend,false,false,Oliphant Tier 3,false
fedposters.club,suspend,false,false,Oliphant Tier 3,false
raygungothic.xyz,suspend,false,false,Oliphant Tier 3,false
realnephestate.xyz,suspend,false,false,Oliphant Tier 3,false
rebased.io,suspend,false,false,Oliphant Tier 3,false
rebased.network,suspend,false,false,Oliphant Tier 3,false
rebased.social,suspend,false,false,Oliphant Tier 3,false
fulltermprivacy.com,suspend,false,false,Oliphant Tier 3,false
redd.live,suspend,false,false,Oliphant Tier 3,false
redeyes.site,suspend,false,false,Oliphant Tier 3,false
redgarterclub.com,suspend,false,false,Oliphant Tier 3,false
redliberal.com,suspend,false,false,Oliphant Tier 3,false
gensokyo.club,suspend,false,false,Oliphant Tier 3,false
redpill-insight.com,suspend,false,false,Oliphant Tier 3,false
gnuhacker.org,suspend,false,false,Oliphant Tier 3,false
redplanetlabs.com,suspend,false,false,Oliphant Tier 3,false
gorf.space,suspend,false,false,Oliphant Tier 3,false
redspinning.top,suspend,false,false,Oliphant Tier 3,false
refusal.llc,suspend,false,false,Oliphant Tier 3,false
refuse2.work,suspend,false,false,Oliphant Tier 3,false
reisen.church,suspend,false,false,Oliphant Tier 3,false
remnant.social,suspend,false,false,Oliphant Tier 3,false
rigcz.club,suspend,false,false,Oliphant Tier 3,false
rightmouse.click,suspend,false,false,Oliphant Tier 3,false
rio.social,suspend,false,false,Oliphant Tier 3,false
rodent.life,suspend,false,false,Oliphant Tier 3,false
royalhellcustoms.com,suspend,false,false,Oliphant Tier 3,false
roysbeer.place,suspend,false,false,Oliphant Tier 3,false
salastil.com,suspend,false,false,Oliphant Tier 3,false
scamdemic.party,suspend,false,false,Oliphant Tier 3,false
scarlet.house,suspend,false,false,Oliphant Tier 3,false
sealion.club,suspend,false,false,Oliphant Tier 3,false
secluded.site,suspend,false,false,Oliphant Tier 3,false
seikora.one,suspend,false,false,Oliphant Tier 3,false
seriousbusiness.international,suspend,false,false,Oliphant Tier 3,false
sharealike.social,suspend,false,false,Oliphant Tier 3,false
shelter.moe,suspend,false,false,Oliphant Tier 3,false
shitpost.racing,suspend,false,false,Oliphant Tier 3,false
loli.best,suspend,false,false,Oliphant Tier 3,false
shitposte.rs,suspend,false,false,Oliphant Tier 3,false
shotatube.xyz,suspend,false,false,Oliphant Tier 3,false
loveforlandlords.com,suspend,false,false,Oliphant Tier 3,false
shouldibuyahorse.com,suspend,false,false,Oliphant Tier 3,false
shpposter.club,suspend,false,false,Oliphant Tier 3,false
singing.dog,suspend,false,false,Oliphant Tier 3,false
skinnyver.se,suspend,false,false,Oliphant Tier 3,false
slipfox.xyz,suspend,false,false,Oliphant Tier 3,false
slippy.xyz,suspend,false,false,Oliphant Tier 3,false
smittenkittens.xyz,suspend,false,false,Oliphant Tier 3,false
smuganimeavatar.xyz,suspend,false,false,Oliphant Tier 3,false
sneed.shop,suspend,false,false,Oliphant Tier 3,false
sneed.vip,suspend,false,false,Oliphant Tier 3,false
social.au2pb.net,suspend,false,false,Oliphant Tier 3,false
social.duti.tech,suspend,false,false,Oliphant Tier 3,false
social.nothingplanet.com,suspend,false,false,Oliphant Tier 3,false
nalocal519.social,suspend,false,false,Oliphant Tier 3,false
social.sakamoto.gq,suspend,false,false,Oliphant Tier 3,false
social.snopyta.org,suspend,false,false,Oliphant Tier 3,false
social.targaryen.house,suspend,false,false,Oliphant Tier 3,false
socialgoblins.club,suspend,false,false,Oliphant Tier 3,false
someotherguy.xyz,suspend,false,false,Oliphant Tier 3,false
nnia.cc,suspend,false,false,Oliphant Tier 3,false
somewhy.net,suspend,false,false,Oliphant Tier 3,false
speakfree.world,suspend,false,false,Oliphant Tier 3,false
nya.gay,suspend,false,false,Oliphant Tier 3,false
spearman.xyz,suspend,false,false,Oliphant Tier 3,false
occultist.space,suspend,false,false,Oliphant Tier 3,false
spiderden.net,suspend,false,false,Oliphant Tier 3,false
spinster.dev,suspend,false,false,Oliphant Tier 3,false
spook.social,suspend,false,false,Oliphant Tier 3,false
stars.eroaward.com,suspend,false,false,Oliphant Tier 3,false
staycuriousandkeepsmil.in,suspend,false,false,Oliphant Tier 3,false
stop.voring.me,suspend,false,false,Oliphant Tier 3,false
stormcloak.info,suspend,false,false,Oliphant Tier 3,false
peertube.se,suspend,false,false,Oliphant Tier 3,false
supernets.social,suspend,false,false,Oliphant Tier 3,false
susmaninsurance.com,suspend,false,false,Oliphant Tier 3,false
pirateradio.social,suspend,false,false,Oliphant Tier 3,false
suya.place,suspend,false,false,Oliphant Tier 3,false
sweetappleacr.es,suspend,false,false,Oliphant Tier 3,false
polaris-1.work,suspend,false,false,Oliphant Tier 3,false
syspxl.xyz,suspend,false,false,Oliphant Tier 3,false
talk-here.com,suspend,false,false,Oliphant Tier 3,false
taobox.pub,suspend,false,false,Oliphant Tier 3,false
tau-ceti.space,suspend,false,false,Oliphant Tier 3,false
taullo.social,suspend,false,false,Oliphant Tier 3,false
tesaguri.club,suspend,false,false,Oliphant Tier 3,false
thebased.club,suspend,false,false,Oliphant Tier 3,false
raccoon.quest,suspend,false,false,Oliphant Tier 3,false
thechad.zone,suspend,false,false,Oliphant Tier 3,false
thejoyo.com,suspend,false,false,Oliphant Tier 3,false
ravergram.club,suspend,false,false,Oliphant Tier 3,false
theosis.church,suspend,false,false,Oliphant Tier 3,false
thewizardingworld.com,suspend,false,false,Oliphant Tier 3,false
thisisjoes.site,suspend,false,false,Oliphant Tier 3,false
thoughtful.social,suspend,false,false,Oliphant Tier 3,false
tictoc.social,suspend,false,false,Oliphant Tier 3,false
tiuxo.com,suspend,false,false,Oliphant Tier 3,false
tokhmi.xyz,suspend,false,false,Oliphant Tier 3,false
tomw.social,suspend,false,false,Oliphant Tier 3,false
rqd2.net,suspend,false,false,Oliphant Tier 3,false
toot.pt,suspend,false,false,Oliphant Tier 3,false
touha.me,suspend,false,false,Oliphant Tier 3,false
tpo.world,suspend,false,false,Oliphant Tier 3,false
servernerds.net,suspend,false,false,Oliphant Tier 3,false
translunar.academy,suspend,false,false,Oliphant Tier 3,false
travnewmatic.com,suspend,false,false,Oliphant Tier 3,false
treeoflifecomic.com,suspend,false,false,Oliphant Tier 3,false
tucson.claims,suspend,false,false,Oliphant Tier 3,false
tweet.pasture.moe,suspend,false,false,Oliphant Tier 3,false
twi.social,suspend,false,false,Oliphant Tier 3,false
twiukraine.com,suspend,false,false,Oliphant Tier 3,false
tylerdavis.xyz,suspend,false,false,Oliphant Tier 3,false
umbrellix.org,suspend,false,false,Oliphant Tier 3,false
ungoverned.social,suspend,false,false,Oliphant Tier 3,false
vampiremaid.cafe,suspend,false,false,Oliphant Tier 3,false
vara.lol,suspend,false,false,Oliphant Tier 3,false
veenus.art,suspend,false,false,Oliphant Tier 3,false
veganism.social,suspend,false,false,Oliphant Tier 3,false
verifiedjournalist.social,suspend,false,false,Oliphant Tier 3,false
the9thcircle.club,suspend,false,false,Oliphant Tier 3,false
vigilante.tv,suspend,false,false,Oliphant Tier 3,false
violence.church,suspend,false,false,Oliphant Tier 3,false
voidgaming.co,suspend,false,false,Oliphant Tier 3,false
vsta.org,suspend,false,false,Oliphant Tier 3,false
vuju.com,suspend,false,false,Oliphant Tier 3,false
wake.st,suspend,false,false,Oliphant Tier 3,false
waskuisland.com,suspend,false,false,Oliphant Tier 3,false
unbound.social,suspend,false,false,Oliphant Tier 3,false
were.social,suspend,false,false,Oliphant Tier 3,false
whatiwanttoknow.org,suspend,false,false,Oliphant Tier 3,false
wherelinux.xyz,suspend,false,false,Oliphant Tier 3,false
vladtepesblog.com,suspend,false,false,Oliphant Tier 3,false
wikileaks2.org,suspend,false,false,Oliphant Tier 3,false
willtrade.org,suspend,false,false,Oliphant Tier 3,false
witches.live,suspend,false,false,Oliphant Tier 3,false
wizzzard.online,suspend,false,false,Oliphant Tier 3,false
whitesmokebbq.social,suspend,false,false,Oliphant Tier 3,false
woln.eu,suspend,false,false,Oliphant Tier 3,false
youjo.observer,suspend,false,false,Oliphant Tier 3,false
zoomer.photography,suspend,false,false,Oliphant Tier 3,false
cunnyborea.top,suspend,false,false,"",false
mashtodon.alterracloud.com,suspend,false,false,"",false
social.cutefunny.net,suspend,false,false,"",false
noauthority.social,suspend,false,false,"",false
oddballs.online,suspend,false,false,"",false
9yo.punipoka.pink,suspend,false,false,"",false
imouto.exposed,suspend,false,false,"",false
net4sw.com,suspend,false,false,"",false
social.freysa.ai,suspend,false,false,Violation of Community Guidelines,false
fsebugoutzone.org,suspend,false,false,Violation of Community Guidelines,false
pl.dav1d.lol,suspend,true,false,"",true
volk.network,suspend,false,false,"",false
theater.im,suspend,false,false,"",false
