slug,followers
food-drink,"@foodanddrinkcommunityupdate@newsmast.social, @askchefdennis@newsmast.social, @newsmast@newsmast.social, @CAFS@mstdn.ca, @dessertgeek@weirder.earth, @beerladiespod@mastodon.beer, @cardamomaddict@mstdn.ca, @beer@universeodon.com, @jblue@mastodon.world, @martijn@plantsand.coffee, @sylkeweb@pixelfed.eu, @BRKitchenGarden@mastodon.social, @quester@mstdn.games, @FairytalesFood@mstdn.social, @megmaker@mastodon.social, @ianmacallen@writing.exchange, @agoodbeerblog@mstdn.social, @vegalicious@mstdn.bitwalker.eu, @JayRayner@mastodonapp.uk, @gustav@mastodon.beer, @alcademics@mastodon.social, @chrispople@mastodon.social, @simplyrecipes@flipboard.social, @drews-foods@pixelfed.social, @mdoudoroff@drnk.ca, @yesterkitchen@tilvids.com, @kitchen@mastodon.surazal.net, @MarkusWine@sfba.social, @DearDara@journa.host, @orgecastellano@journa.host, @food@slrpnk.net, @Sylkeweb@newsmast.social, @TheSpruceEats@flipboard.com, @TheKitchn@flipboard.com, @WineSpectat2018@flipboard.com, @TudodeReceitas@flipboard.com, @NextGenCookbook@mastodon.social, @MarkSquiresWine@mastodon.social"
visual-arts,"@visualartscommunityupdate@newsmast.social, @newsmast@newsmast.social, @SmithsonianRoulette@zirk.us, @artistsatrisk@mastodon.social, @nickharrison@mastodonapp.uk, @rhfinearts@mstdn.social, @LaMolinaStreetart@mastodon.social, @nickfromupnorth@mastodonapp.uk, @SchlocklusterVideo@mstdn.party, @samikelsh@mastodonapp.uk, @quirkyalonester@mastodon.social, @muralhunters@pixelfed.social, @artnewsrss@newsmast.social, @circaartmag@mastodon.ie, @visualartsnews@newsmast.social, @farben@uff.rip, @robert_davis_hoffmann@mastodon.social, @kevinbparry@threads.net"
history,"@historycommunityupdate@newsmast.social, @brunellus@newsmast.social, @elliemroberts@newsmast.social, @newsmast@newsmast.social, @workingclasshistory@mastodon.social, @tanjabueltmann@mastodon.social, @rlcj@mstdn.social, @tzimmer_history@mastodon.social, @etebur@mas.to, @alliterative@tilvids.com, @gdyson@sciencemastodon.com, @natureculture@artsandculture.social, @CitizenWald@historians.social, @Deglassco@mastodon.social, @Rome_and_stuff@mastodon.social, @paulbelford@toot.wales, @archeaids@mastodon.online, @ninawillburger@social.anoxinon.de, @enfarchsoc@mastodonapp.uk, @ccamfield@mastodonapp.uk, @carolinepennock@mastodon.social, @auschwitzmuseum@mastodon.world, @AlisaBokulich@mastodon.social, @DrLindseyFitzharris@mastodon.world, @birgittahoffmann@mastodon.social, @tkinias@historians.social, @oliverdietrich@mastodon.social, @frontiere_s_@historians.social, @landscaperesearch@mas.to, @PrehistoricSociety@mastodonapp.uk, @Antiquity@archaeo.social, @EAAarchaeology@fediscience.org, @AMPHORA@mas.to, @Dendrochronicle@mastodon.scot, @KevinMKruse@mastodon.social, @McrMuseum@mastodonapp.uk, @s_chaussee@vmst.io, @DrRickWoten@historians.social, @BlakeSociety@mastodonapp.uk, @lmbd1418@mastodon.online, @histodons@a.gup.pe, @curatedjenny@glammr.us, @wwwtxt@mastodon.social, @ArchaeoBasti@mastodon.online, @StillJustRena@mastodon.social, @historianess@mastodon.sdf.org, @historleans@historians.social, @whencyclopedia@mstdn.social, @theworldatwar@mastodon.social, @rossb_oxford@mastodon.social, @Sophie@glammr.us, @DestinationsJourney@mastodon.world, @PlayHistory@oldbytes.space, @art_history_animalia@historians.social, @RomanArchaeo@archaeology.social, @DMichaelHarris@archaeology.social, @OxMedStud@mastodonapp.uk, @aboutlandscape@mas.to, @thecollector@flipboard.com, @greg_jenner@threads.net"
women-voices,"@rebellesdugenrerss@newsmast.social, @womensvoicescommunityupdate@newsmast.social, @lorenaflag@newsmast.social, @ChinHuaLu@newsmast.social, @newsmast@newsmast.social, @marilink@mastodon.social, @rvawonk@newsie.social, @Sheril@mastodon.social, @damemagazine@newsie.social, @court@dreamers-guild.net, @kanarinka@mastodon.mit.edu, @CarveHerName@mstdn.social, @womenslibrary@mastodon.scot, @beerladiespod@mastodon.beer, @RedfernMichelle@toot.community, @vagina_museum@masto.ai, @Jen@c18.masto.host, @Rhodepvd@romancelandia.club, @TheWildGees@mastodon.ie, @apdamegriff@aoir.social, @MonicaCMiller@mastodon.social, @CordeliaBeattie@historians.social, @politicdormouse@mastodon.online, @dig_history@mastodon.world, @FeministKelly@historians.social, @grubstreetwomen@c18.masto.host, @heinivaisanen@mstdn.social, @francesbell@mastodon.social, @tbp@toot.community, @clairepotter@mastodon.social, @andreadlbm@mastodon.online, @andrews_cath@mas.to, @ClodaghFinn@mastodon.ie, @Few4gottenwomen@genealysis.social, @amanda@mastodon.ie, @MuchMore_Less@mastodonapp.uk, @JYCleaver@toot.community, @marianneschnall@mastodon.world, @jendeaderick@mstdn.social, @Joypress@mstdn.social, @midlife_rebellion@mastodon.social, @CourtneyTenz@dju.social, @SusanneAlthoff@journa.host, @acoldiron@mastodon.online, @Refinery29@flipboard.com, @theantimisogynyclub@threads.net, @Bustle_BDGMedia@flipboard.com, @OprahDaily@flipboard.com"
puzzles,"@puzzlescommunityupdate@newsmast.social, @newsmast@newsmast.social, @Ian_G_Simpson@mastodon.world, @jswright61@ruby.social, @wordlespoiler@mastodon.social, @nytxw@mas.to, @PuzzleSmith@mas.to, @CuboDeRubik@tkz.one, @Petetanas@tkz.one, @arosano@bsd.cafe"
ukraine-invasion,"@ukraineinvasioncommunityupdate@newsmast.social, @EasternBorder@newsmast.social, @newsmast@newsmast.social, @benb@osintua.eu, @ChrisO_wiki@mastodon.social, @Free_Press@mstdn.social, @WarInTheFuture@mstdn.social, @ScottLucas@journa.host, @noelreports@mstdn.social, @Landcombatmissiles@mstdn.social, @ChristopherJM@mastodon.online, @Euan_MacDonald@mastodon.online, @Boribori@mastodon.social, @reizz@piaille.fr, @golod@mastodon.social, @EmmanuelleChaze@mastodon.ie, @Pwnallthethings@mastodon.social, @markhertling@mstdn.social, @EugeneMcParland@mastodon.ie, @Ukrainenews@mastodon.social, @AndersGottlieb@krigskunst.social, @joannekelly@mastodon.ie, @ragnarbjartur@masto.ai, @militarylandnet@mstdn.social, @Tendar@newsie.social, @samagreene@mas.to, @mhmck@mas.to, @anderspuck@krigskunst.social, @warmapper@mstdn.social, @pixelbori@pixelfed.de, @lokshin@mastodon.social, @tonimichel_@mastodon.world, @iryna@mstdn.social"
space,"@spacecommunityupdate@newsmast.social, @DrCarpineti@newsmast.social, @Destiny@newsmast.social, @newsmast@newsmast.social, @redhotrocket@techhub.social, @starrytimepod@universeodon.com, @umplus@mastodon.online, @AstroHawk@spacey.space, @spacetelescope@astrodon.social, @MaryMcIntyreAstro@astrodon.social, @Space@mstdn.social, @pomarede@mastodon.social, @planet4589@mastodon.social, @esrabulbul@astrodon.social, @IPGP_Planets@solarsystem.social, @AkaSci@fosstodon.org, @Ansi@mastodon.cloud, @CosmicRami@aus.social, @DavidBflower@mastodon.social, @astrokiwi@mastodon.nz, @thomasconnor@mstdn.social, @telescoper@mastodon.social, @markmccaughrean@mastodon.social, @radiotelescoop@mastodon.nl, @esa@squeet.me, @nasa@social.beachcom.org, @AIP_Potsdam@astrodon.social, @_astronoMay@astrodon.social, @AstroKatie@mastodon.social, @fraser@m.universetoday.com, @world_beauty@universeodon.com, @astro_jcm@mastodon.online, @michael_w_busch@mastodon.online, @launch@spacey.space, @astroland@mastodon.social, @ThomasConnor@astrodon.social, @hfalcke@mastodon.social, @cosmos4u@scicomm.xyz, @mustapipa@scicomm.xyz, @cplberry@mastodon.online, @profabelmendez@astrodon.social, @badastro@mastodon.social, @Physicsj@mastodon.online, @jradavenport@mastodon.social, @mapperwocky@mapstodon.space, @sarahkendrew@mastodon.online, @astroengine@deepspace.social, @megschwamb@mastodon.online, @AJBarth@fediscience.org, @sianderl@mas.to, @justtheletteru@astrodon.social, @absolutspacegrl@mastodon.social, @hcottin@piaille.fr, @juliengirard@astrodon.social, @karinavoggel@astrodon.social, @mmontarges@mastodon.obspm.fr, @LeighFletcher@astrodon.social, @ProfDoubleJ@astrodon.social, @eteq@fosstodon.org, @PeterMelchior@scicomm.xyz, @Stellarplanet@mastodon.online, @astronemma@mastodon.online, @brettmor@astrodon.social, @smorrell@mastodon.social, @astrocorrus@astrodon.social, @mbo@astrodon.social, @melix@mastodon.xyz, @catherineryanhyde@tooting.ch, @apod_random@mastodon.bot, @catherinerhyde@newsmast.social, @spaceflight@spacey.space, @planet4589.bsky.social@bsky.brid.gy, @startswithabang.bsky.social@bsky.brid.gy, @telescoper.bsky.social@bsky.brid.gy, @astroroyalscot.bsky.social@bsky.brid.gy, @carolynporco.bsky.social@bsky.brid.gy, @themoonmehta@threads.net, @curiosityonthreads@threads.net, @gostargazing@threads.net, @skyatnightmag@flipboard.com, @AlexSanterne@fediscience.org, @HIprocessor@mastodon.social, @KellyLepo@scicomm.xyz, @AstroDave@scicomm.xyz, @drvgraber@mastodon.social, @startswithabang@mastodon.social, @JohnBarentine@scicomm.xyz, @GalacticRAVE@fediscience.org, @jwuphysics@mastodon.social, @leplanetolog@mastodon.social"
politics,"@politicscommunityupdate@newsmast.social, @newsmast@newsmast.social, @KaiMThaler@sciences.social, @Philippe_Dam@eupolicy.social, @APHClarkson@mastodon.social, @eublogo@mastodon.online, @eurocaro@mastodon.social, @OlyaOliker@mastodon.online, @susherwood@mastodon.social, @Cirincione@mastodon.sdf.org, @lukemcgee@mastodon.social, @ColborneMichael@mastodon.world, @alexandrageese@bonn.social, @EULISA@social.network.europa.eu, @ben@adida.net, @bowendc@mastodon.social, @bykenarmstrong@mastodon.social, @liverpoolrichard@mastodon.social, @claesdevreese@mastodon.social, @JulieZebrak@mstdn.social, @aecoppock@mastodon.social, @brendannyhan@mastodon.social, @CarlisleRainey@sciences.social, @judejack@mastodon.online, @Jurgen@mastodon.world, @tusk81@mastodon.social, @RepSpeier@mastodon.world, @thejuicemedia@mastodon.social, @SeanKellyMEP@respublicae.eu, @PoliticalCartoon@mastodonapp.uk, @juddlegum@journa.host, @parkermolloy@masto.ai, @lussenpop@newsie.social, @brianbeutler@mastodon.online, @anneapplebaum@journa.host, @fgilardi@mastodon.social, @Bram_Wauters@mastodon-belgium.be, @mikegalsworthy@mas.to, @M_B_Petersen@fediscience.org, @danaelkurd@mastodon.social, @POLITICOEurope@flipboard.com, @timfullerton@threads.net, @passantino@threads.net, @ngrossman81@threads.net, @EUCommission@ec.social-network.europa.eu, @stephenkb.bsky.social@bsky.brid.gy, @crookedfootball.bsky.social@bsky.brid.gy, @drjennings.bsky.social@bsky.brid.gy, @nouveaufrontpopulaire@piaille.fr, @josiah.mortimer@threads.net, @britain.elects@threads.net, @adamjschwarz.bsky.social@bsky.brid.gy, @nadinebh_@threads.net, @greenpartyzack@threads.net, @thegreenparty@threads.net, @matt_hfoster@threads.net, @TheHillTimes@flipboard.com"
markets-finance,"@marketscommunityupdate@newsmast.social, @newsmast@newsmast.social, @CarbonBubble@mastodon.energy, @guacamayan@journa.host, @josephby@mastodon.social, @acemaxxanalytics@econtwitter.net, @TimHarford@econtwitter.net, @z_everson@journa.host, @MarketScalpel@mastodon.social, @dkedrosky@econtwitter.net, @wucker@mas.to, @codendahl@econtwitter.net, @wfaler@mastodon.social, @jburnmurdoch@econtwitter.net, @ESMAComms@respublicae.eu, @saaronson@dizl.de, @Megapp@econtwitter.net, @PantelisKazakis@econtwitter.net, @jcaacostam@econtwitter.net, @WallStreetRant@mastodon.social, @t0nyyates@mastodon.online, @RePEc_NEP_LMA@sciences.social"
technology,"@akp@newsmast.social, @minkhantkyaw@newsmast.social, @weblink@newsmast.social, @technologycommunityupdate@newsmast.social, @newsmast@newsmast.social, @MinMaungHein@newsmast.social, @gadgetry@techhub.social, @clarinette@mastodon.online, @heiseonline@social.heise.de, @pkulak@beehaw.org, @JulianOliver@mastodon.social, @AJStein_de@mastodon.world, @Data4FoodCluster@mastodon.social, @protein@mastodon.social, @Chilifun@universeodon.com, @crop_science_eth@scicomm.xyz, @emilymbender@dair-community.social, @thomasfuchs@hachyderm.io, @Techmeme@techhub.social, @mmasnick@mastodon.social, @damemagazine@newsie.social, @themarkup@mastodon.themarkup.org, @stshank@mstdn.social, @micahflee@infosec.exchange, @jperlow@journa.host, @JustCodeCulture@mastodon.social, @GregCocks@techhub.social, @drewharwell@mastodon.social, @evacide@hachyderm.io, @arstechnica@mastodon.social, @taylorlorenz@mastodon.social, @TechConnectify@mas.to, @viticci@macstories.net, @TechDesk@flipboard.social, @restartproject@mastodon.green, @esqueer@mastodon.social, @danluu@mastodon.social, @zephoria@mastodon.social, @davidpierce@mastodon.social, @profwoodward@infosec.exchange, @cqz@journa.host, @lhn@mastodon.online, @faizsays@mastodon.social, @kylelwiggers@techhub.social, @lb@sigmoid.social, @mikebutcher@mastodon.social, @romaindillet@mastodon.social, @timstarks@infosec.exchange, @willoremus@mastodon.social, @edbott@mastodon.social, @optimistengineer@mastodon.social, @epixoip@infosec.exchange, @mattdm@hachyderm.io, @NickAEsp@mastodon.social, @markus_netzpolitik@chaos.social, @schmidt@xoxo.zone, @dabeaz@mastodon.social, @climagic@mastodon.social, @leo@twit.social, @SwiftOnSecurity@infosec.exchange, @gruber@mastodon.social, @caseynewton@mastodon.social, @obsoletemediauk@mastodon.world, @3rz@freiburg.social, @chrismessina@mastodon.xyz, @bits_und_baeume@mastodon.bits-und-baeume.org, @krohne@social.tchncs.de, @Clearleft@mastodon.social, @yoyoel@macaw.social, @flavorjones@ruby.social, @lennardvanotterloo@mastodon.social, @jhpot@mastodon.social, @mimsical@mastodon.social, @joannastern@mastodon.world, @siracusa@mastodon.social, @marcoarment@mastodon.social, @Sarahp@mastodon.social, @topintech@flipboard.social, @christianselig@mastodon.social, @gilduran@journa.host, @MattBinder@mastodon.social, @404mediaco@mastodon.social, @alexeheath@mastodon.social, @waltmossberg@mastodon.world, @harrymccracken@mastodon.social, @stephenrobles@mastodon.social, @dinabass@mastodon.social, @HansBrender@mastodon.social, @laurengoode@mastodon.social, @benjedwards@mastodon.social, @triketora@mastodon.social, @daveleeFT@mastodon.social, @amandahoover@mstdn.party, @rmac18@journa.host, @spencerdailey@journa.host, @theverge@flipboard.com, @therecord_media@mastodon.social, @coldfusion@nula.pub, @oztalkshw@nula.pub, @matthewfacciani@threads.net, @willoremus@threads.net, @crumbler@threads.net, @reckless1280@threads.net, @stalman@threads.net, @technicallymims@threads.net, @reporterzoe@threads.net, @chancehmiller@threads.net, @parkerortolani@threads.net, @johnonolan@threads.net, @snazzyq@threads.net, @jasonkoebler@threads.net, @waveformpodcast@threads.net, @matthewcassinelli@threads.net, @vocino@threads.net, @austinnotduncan@threads.net, @chriswelch@threads.net, @pjvogt@threads.net, @chrislawley_@threads.net, @charliemchapman@threads.net, @jonporteruk@threads.net, @luokai@threads.net, @deskinvestor@threads.net, @techsanjeet@threads.net, @joannastern@threads.net, @mkbhd@threads.net, @zoe.kleinman@threads.net, @githubprojects@threads.net, @becca.farsace@threads.net, @ztlaidlaw@threads.net, @carlostechbytes@threads.net, @mikebutcher.bsky.social@bsky.brid.gy, @bestbuy@threads.net, @canaltech@flipboard.com, @TechTudo@flipboard.com, @TecMundo@flipboard.com, @Tecnoblog@flipboard.com, @Adrenalinebr@flipboard.com, @mittechreview@flipboard.com, @mobilesyrup@flipboard.com, @lowtechmagazine@flipboard.social, @martin@wimpysworld.social, @MARSproject@mastodon.social, @ieeespectrum@mastodon.social"
performing-arts,"@performingartscommunityupdate@newsmast.social, @newsmast@newsmast.social, @MarkRuffalo@mastodon.social, @georgetakei@universeodon.com, @jjtindall@mastodonapp.uk, @PlayersPatchwork@universeodon.com, @TheatreReviews@mastodonapp.uk, @iantuckerbell@mastodonapp.uk, @stephenfry@mastodonapp.uk, @performingartsrss@newsmast.social, @Playbill@flipboard.com"
business,"@e3grss@newsmast.social, @businesscommunityupdate@newsmast.social, @gabrielblau@newsmast.social, @deniseoberry@newsmast.social, @newsmast@newsmast.social, @Casey@newsie.social, @AnDro@mastodon.green, @AfterClimate@peoplemaking.games, @noybeu@mastodon.social, @european_alternatives@mastodon.social, @telecoop@framapiaf.org, @weareopencoop@mastodon.social, @RebLeber@journa.host, @opencollective@opencollective.com, @sturlabragason@mastodon.social, @klimaforum_bau@dresden.network, @marieyesse@mstdn.social, @Richard_Hull@social.coop, @molly0xfff@hachyderm.io, @Forbes@newsie.social, @fetzert@mastodon.social, @carnage4life@mas.to, @AlexJimenez@mas.to, @todayindigital@mas.to, @willknight@mastodon.social, @itchio@mastodon.gamedev.place, @rauf@mastodon.world, @MarketScalpel@mastodon.social, @autonomic@sunbeam.city, @theofrancis@mastodon.online, @kennethcwilbur@fediscience.org, @MilenaKLey@sciences.social, @heimstaedt@chaos.social, @cbrandtner@mastodon.social, @didevaneck@mas.to, @loradob@chaos.social, @MaximVoronov@sciences.social, @spalan@nerdculture.de, @VictorLange@mastodon.bits-und-baeume.org, @leonido@chaos.social, @spaetz@mas.to, @guemuesay@sciences.social, @nicophile@fediscience.org, @ignas@sciences.social, @rands@mastodon.social, @RePEc_NEP_LMA@sciences.social, @Digiday@flipboard.com, @profgalloway@threads.net, @HBR@flipboard.com, @InfoMoney@flipboard.com, @IncMagazine@flipboard.com"
disabled-voices,"@disabledvoicescommunityupdate@newsmast.social, @Kevin_Healey@newsmast.social, @pot8um@newsmast.social, @newsmast@newsmast.social, @seeingwithsound@mas.to, @freedomscientific@mastodon.social, @AiraVI@techhub.social, @Ericbomb@mastodon.gamedev.place, @ServiceDogs@disabled.social, @podcast@tffp.masto.host, @worldblindherald@newsie.social, @theautisticcoach@neurodifferent.me, @LFLegal@mastodon.social, @kyropoulos@mastodon.social, @sarahmatthews@tweesecake.social, @profgoldberg@zirk.us, @anarchautist@aus.social, @news@mastodon.accessinformationnews.com, @rob@ehr.scot, @mmb@subdued.social, @stimpunks@mastodon.online, @StephanieOrtoleva@earthstream.social, @dalereardon@mastodon.social, @BlokeOnWheels@mstdn.social, @NothingLeftOfMe@mastodon.online, @emilyladau@disabled.social, @McCullohMD@disabled.social, @buddingtherapy@mastodonapp.uk, @LDelap@mastodon.social, @halcionandon@disabled.social, @DJVT@vermont.masto.host, @ElectricWill@mstdn.social, @Cy_Cyborg@lgbtqia.space, @DisabledInSTEM@disabled.social, @BlindHistoryLady@nfb.social, @RossMinor@mastodon.social, @GuideDogUsers@nfb.social, @darrell73@mastodon.online, @ChrisChaffin@dragonscave.space, @garrettdimon@ruby.social, @Oicur12@mastodon.social, @BuDS@mastodon.me.uk, @BlinkPopShift@mastodon.social, @steven_aquino@sfba.social, @tuttleturtle@mathstodon.xyz, @paralympicsgb_official@threads.net, @JonathanMosen@caneandable.social"
pets,"@petsanimalsandbirdscommunityupdate@newsmast.social, @catcafesandiego@newsmast.social, @newsmast@newsmast.social, @PankoBoy@kneel.before.dog, @Beurig@mastodon.social, @moxxi@mastodon.social, @PaulaTheSausage@ruhr.social, @LemonSky1970@mastodon.social, @GoldenHenry@nrw.social, @powapetz@mastodon.social, @noedog@fedibird.com, @SphynxWisdom@mastodon.cloud, @SummerS@newsmast.social, @petroofrats@newsmast.social, @NuciLandia@mastodon.world, @thereisnocat_official@threads.net"
immigrants-rights,"@immigrantsrightscommunityupdate@newsmast.social, @ccgh@newsmast.social, @newsmast@newsmast.social, @KimMukerjee@med-mastodon.com, @tanjabueltmann@mastodon.social, @simulatedchollas@mastodon.social, @CPCpopulation@sciences.social, @nwff@sciences.social, @INMIX@sciences.social, @austinkocher@mastodon.social, @NinaBernstein1@journa.host, @richmondchambers@mastodon.social, @iris@masto.nu, @EUHomeAffairs@respublicae.eu, @lunavives@mastodon.social, @Tungohan@mastodon.social, @drdconlon@mastodon.social, @simonpeth@mastodon.social, @claudia_aradau@mastodon.social, @lawandspacejournal@mastodon.social, @jtheilen@mas.to, @SVR_Migration@social.bund.de, @redico@mstdn.social, @AlasdairMackenzie@mstdn.social, @alessiodangelo@mas.to, @prinaldi@sciences.social, @cczymara@sciences.social, @TaylorBrooks@mastodon.world, @m_clem@sciences.social, @fcjrefugeecentre@mastodon.social"
creative-arts,"@creativeartscommunityupdate@newsmast.social, @newsmast@newsmast.social, @UnseenCrafts@mastodon.world, @TeaganArtist@mastodonapp.uk, @TashPoetry@writing.exchange, @BlinkPopShift@mastodon.social, @eureka@pixelfed.social, @YarnDatabase@mastodon.social, @diamondpainting@mastodon.social, @Drachin@troet.cafe, @silverseams@handmade.social, @pervasivemediastudio@mastodon.social, @chopshopstore@threads.net, @byrdiebeauty@flipboard.com, @thezoereport@flipboard.com, @instyle@flipboard.com, @GLAMOUR@flipboard.com, @WhoWhatWearUK@flipboard.com, @emmanuelleskaly@babka.social"
chemistry,"@chemistrycommunityupdate@newsmast.social, @mbarbatti@newsmast.social, @StephanHacker2@newsmast.social, @SuperScienceGrl@newsmast.social, @newsmast@newsmast.social, @chemjobber@mstdn.social, @gabegomes@mastodon.social, @compoundchem@mstdn.social, @EllisCrawford@fediscience.org, @Svetlana_Tsogoeva@mas.to, @NeilWithers@mstdn.social, @imberty@mastodon.online, @carmendrahl@sciencemastodon.com, @TrujilloGroup@mastodon.online, @JenniferAFaust@mastodon.online, @MartinTiano@fediscience.org, @michelrickhaus@mastodon.online, @ATGarciaSosa@mastodon.social, @NinaHartrampf@mstdn.science, @debarati@mastodon.online, @CraigOfWaffles@mastodon.online, @EveryWhereChem@mastodon.social, @p_vanderwel@mastodon.social, @chemistry@a.gup.pe, @kprather88@mastodon.social, @gomobel@mastodon.social, @piiabartos@mstdn.science, @sellathechemist@mastodon.social, @brachinus@queer.party, @FuchterMatt@mstdn.science, @Hartley@mas.to, @ChemistryViews@mstdn.social, @nz_molecules@mas.to, @organic_chemistry@mstdn.social, @H_Herrmann24@mastodon.social, @stuartestrand@fediverse.science, @pHrozenChemGeek@mas.to, @FlorentLouis59@mastodon.online, @LiselotteTinel@mas.to, @EarthMechanic@mstdn.social, @GouwLab@airpollution.science, @MarkusAmmann@mas.to, @borduas@mas.to, @jesswade@mastodon.social, @chem_synthesis@fediscience.org, @christianml@mastodon.social"
sport,"@sportcommunityupdate@newsmast.social, @newsmast@newsmast.social, @EdBowers101@newsmast.social, @athletic_box@sportsfeed.me, @athletic_ms@sportsfeed.me, @athletic_golf@sportsfeed.me, @Eurosport@sportsfeed.me, @vibrezrugby@mastodon.social, @fogmount@mas.to, @espn@sportsbots.xyz, @atptour@sportsbots.xyz, @GolfDigest@sportsbots.xyz, @MBrundleF1@sportsbots.xyz, @MotoGP@sportsbots.xyz, @SkySportsF1@sportsbots.xyz, @snookerbot@snooker.uk.to, @TheAthletic@sportsbots.xyz, @eihl@sportsfeed.me, @AFL@sportsfeed.me, @FormulaE@sportsfeed.me, @TimesSport@sportsbots.xyz, @F1@sportsbots.xyz, @AlbertFabrega@sportsbots.xyz, @natesaundersF1@sportsbots.xyz, @ChrisMedlandF1@sportsbots.xyz, @englandcricket@sportsbots.xyz, @UKShootingNews@mastodonapp.uk, @sanny_rudra@threads.net, @paralympicsgb_official@threads.net, @offball@threads.net, @RunnersWorldUK@flipboard.com, @cdncyclingmag@flipboard.com, @f1mania@flipboard.com, @SportBuzz@flipboard.com, @BBCSport@flipboard.social"
democracy-human-rights,"@democracycommunityupdate@newsmast.social, @ipsc48@newsmast.social, @Omega_RF@newsmast.social, @candice_chirwa@newsmast.social, @newsmast@newsmast.social, @pdehello@mastodon.social, @MsKellyMHayes@spore.social, @SantiagoSainz@mastodon.cloud, @jimmurphy@mastodon.social, @autina@mastodon.social, @tamalisa@mastodon.social, @BirgitMSchwarz@mastodon.social, @rickhasen@mastodon.online, @qjurecic@mastodon.social, @ianbassin@mastodon.world, @jonsteinman@mastodon.social, @jbf1755@mastodon.social, @ryanlcooper@mastodon.social, @gregladen@mastodon.social, @elipariser@mastodon.social, @marcelias@mas.to, @MeidasTouch@mstdn.social, @StevePeers@mas.to, @humanrightswatch@mastodon.online, @nataliesedacca@mastodon.online, @davidonformosa@mstdn.social, @haymarketbooks@mastodon.social, @loucharbon@mastodon.online, @klillington@mastodon.ie, @seanfobbe@fediscience.org, @ncoca@social.coop, @FRA@social.network.europa.eu, @RunRichRun@mastodon.social, @commissionerHR@mastodon.social, @Curia@curia.social-network.europa.eu"
hunger-disease-water,"@hungercommunityupdate@newsmast.social, @newsmast@newsmast.social, @florian_krammer@mastodon.social, @KindrachukJason@med-mastodon.com, @ariskatzourakis@scicomm.xyz, @K_G_Andersen@mstdn.science, @aetiology@med-mastodon.com, @joeyfox@mstdn.social, @gidmk@med-mastodon.com, @davidstirrup@mastodonapp.uk, @Raherrmann@historians.social, @CAFS@mstdn.ca, @ProfSecchi@mastodon.social, @Lylamehta@mas.to, @kakape@mas.to, @doctorpipes@med-mastodon.com, @DocJD@mastodon.world, @Drneuro@med-mastodon.com, @c_althaus@mastodon.online, @Long_Covid@med-mastodon.com, @anthroetc@fediscience.org, @rkfmiller@sciences.social, @HelenBranswell@scicomm.xyz, @bluecommunity@mastodon.social, @drjudystone@mstdn.science, @BlckheathHopper@archaeo.social, @sustain@mastodon.social, @niawag@thepit.social, @nikkihill@mstdn.party, @unnewshealthrss@newsmast.social, @egies@masto.ai, @BlueNews@mstdn.plus"
gaming,"@gamingcommunityupdate@newsmast.social, @Player2@newsmast.social, @newsmast@newsmast.social, @gamingonlinux@mastodon.social, @cabel@panic.com, @maxim@mastodon.gamedev.place, @GIbiz@mastodon.social, @Gertlushgaming@mastodonapp.uk, @rockpapershotgun@die-partei.social, @TheSixthAxis@mastodonapp.uk, @thevglibrary@mstdn.social, @formatreview@mastodon.social, @Judd@dice.camp, @johanpeitz@mastodon.gamedev.place, @robindlaws@dice.camp, @Xboxmedia@mastodon.social, @ScarbirGaming@mastodon.social, @ausretrogamer@mastodon.online, @sifterHQ@mastodon.social, @gamerkick@mastodon.social, @gaming@beehaw.org, @Kotaku@press.coop, @christinelove@mastodon.social, @SWAT@dresden.network, @richardtroupe@mastodon.ie, @polygon@flipboard.com, @Kotaku@flipboard.com, @extracredits@nula.pub, @gmtk@nula.pub, @jacob_geller@nula.pub, @clumsybear.studio@threads.net, @lucidrainstudios@threads.net, @theorencohen@threads.net, @Gamespot@flipboard.com, @ign@flipboard.com"
humour,"@humourcommunityupdate@newsmast.social, @newsmast@newsmast.social, @oatmeal@mastodon.social, @BethanyBlack@mastodon.social, @donni@mastodon.social, @rebrafsim@universeodon.com, @fro_vo@universeodon.com, @rubenbolling@mastodon.social, @warandpeas@mastodon.social, @MrLovenstein@mastodon.social, @watsoncomedian@mastodon.world, @missy_lynn@mastodon.world, @mancarryingthing@nula.pub, @lowqualityfacts@threads.net, @thereisnocat_official@threads.net"
workers-rights,"@workersrightscommunityupdate@newsmast.social, @TerriGerstein@newsmast.social, @newsmast@newsmast.social, @workingclasshistory@mastodon.social, @strike@libranet.de, @WorkersEESC@respublicae.eu, @Jbarab@newsie.social, @lauerhahn@sfba.social, @KimPerales@toad.social, @EuroGeosciences@mastodon.social, @cfaworkers@union.place, @redhatworkers@union.place, @Solidaires63@pouet.chapril.org, @OccuWorld@syzito.xyz"
climate-change,"@climatechangecommunityupdate@newsmast.social, @brasmus@newsmast.social, @MarieGeneste@newsmast.social, @newsmast@newsmast.social, @TheWarOnCars@mastodon.social, @weatherwest@mastodon.social, @MichaelEMann@fediscience.org, @ilankelman@mastodon.green, @GeraldKutney@noc.social, @ZLabe@fediscience.org, @bethsawin@spore.social, @rahmstorf@fediscience.org, @luckytran@med-mastodon.com, @Ruth_Mottram@fediscience.org, @primonatura@mstdn.social, @PIK_climate@wisskomm.social, @EUClimateAction@respublicae.eu, @andrewdessler@mastodon.world, @MatthiasSchmelzer@mastodon.world, @estoknes@mastodon.world, @OceanAndClimate@fediscience.org, @richardabetts@universeodon.com, @legallaurak@mstdn.social, @cusp_uk@mstdn.social, @ScientistRebellion@social.rebellion.global, @droughtcenter@mastodon.world, @gregdt@mastodontech.de, @larryneufeld@mstdn.ca, @jack_kelly@mastodon.energy, @jpGattuso@fediscience.org, @TatianaIlyina@mas.to, @lavergnetho@fediscience.org, @gretathunberg@mastodon.nu, @Cladupont@fediverse.science, @kristiansnielsen@sciences.social, @matthiasduwe@mastodon.energy, @ChristianFlachsland@econtwitter.net, @fgenovese@mastodon.social, @obergassel@mastodon.social, @Energy_in_Asia@mas.to, @FelixSchenuit@mastodon.world, @helgej_@mas.to, @StefanAykut@mstdn.social, @floriankrampe@mastodon.online, @jessika_richter@mastodon.green, @ScienceCommunicator@mastodon.social, @osi_saf@mastodon.social, @climatetown@nula.pub, @akshatrathi.bsky.social@bsky.brid.gy, @eroston.bsky.social@bsky.brid.gy, @davidrvetter.bsky.social@bsky.brid.gy, @earthlyeducation@threads.net, @climatenews.bsky.social@bsky.brid.gy, @britishantarcticsurvey@threads.net, @mothersriseup@threads.net, @costasamaras.com@bsky.brid.gy"
engineering,"@engineeringcommunityupdate@newsmast.social, @newsmast@newsmast.social, @NotATeslaApp@mastodon.social, @show@mastodon.transportevolved.com, @Aminorjourney@mastodon.transportevolved.com, @motione@mastodon.social, @takeitev@mastodon.social, @MachE_VLOG@twit.social, @davidzipper@mastodon.social, @TheWarOnCars@mastodon.social, @weeklyrobotics@fosstodon.org, @timonsku@mastodon.social, @RicLevato@mstdn.social, @embedded@mstdn.social, @plasmaphysik@wisskomm.social, @astroptere@masto.ai, @engrxiv@scicomm.xyz, @WESCentenary@mastodon.online, @kevinmgill@deepspace.social, @us_rse@fosstodon.org, @soilandreyes@scholar.social, @AEESProfs@mastodon.social, @imprs_proeng@social.mpdl.mpg.de, @marcosflobo@hachyderm.io, @glebris@mstdn.social, @nervous_jesse@mathstodon.xyz, @robotics@a.gup.pe, @3DPrint_com@mastodon.social, @strangeparts@strangeparts.com, @geekmomprojects@mastodon.social, @vicmsong@mastodon.social, @skamille@mastodon.social, @makerbymistake@mastodon.social, @practical_engineering@nula.pub, @realengineering@nula.pub, @Slashgear@flipboard.com, @ieeespectrum@mastodon.social"
mathematics,"@mathematicscommunityupdate@newsmast.social, @davidwees@newsmast.social, @newsmast@newsmast.social, @ColinTheMathmo@mathstodon.xyz, @QuantaMagazine@mstdn.social, @chrischirp@fediscience.org, @Jose_A_Alonso@mathstodon.xyz, @jimsimons@mathstodon.xyz, @loopspace@mathstodon.xyz, @blatherwick_sam@mathstodon.xyz, @jemmaths@mathstodon.xyz, @StudyMaths@mathstodon.xyz, @highergeometer@mathstodon.xyz, @Arnaldo_AGITF@mathstodon.xyz, @rrrichardzach@mathstodon.xyz, @bayesian_stats@mastodon.social, @aliceschwarze@fediscience.org, @hermathsstory@mathstodon.xyz, @gerenuk@mathstodon.xyz, @decompwlj@mathstodon.xyz, @johncarlosbaez@mathstodon.xyz, @DavidKButler@mathstodon.xyz, @aperiodical@mathstodon.xyz, @peterrowlett@mathstodon.xyz, @tao@mathstodon.xyz, @stevenstrogatz@mathstodon.xyz, @wtgowers@mathstodon.xyz, @VinceVatter@mathstodon.xyz, @littmath@mathstodon.xyz, @DrEugeniaCheng@mathstodon.xyz, @zenorogue@mathstodon.xyz, @mluebbecke@mas.to, @kelseyahe@mathstodon.xyz, @MotivicKyle@mathstodon.xyz, @thalesdisciple@mathstodon.xyz, @kimdayers@mathstodon.xyz, @sophiehuiberts@mathstodon.xyz, @kisonecat@mathstodon.xyz, @j_lanier@mathstodon.xyz, @mathandcobb@mathstodon.xyz, @dccmath@mathstodon.xyz, @periapside@fediphilosophy.org, @JacquesTimmermans@mathstodon.xyz, @11011110@mathstodon.xyz, @mjb@mathstodon.xyz, @insideQuantum@mathstodon.xyz, @zbMATH@mathstodon.xyz, @adhestenes@mathstodon.xyz"
us-sport,"@newsmast@newsmast.social, @athletic_fl@sportsfeed.me, @athletic_bb@sportsfeed.me, @athletic_ih@sportsfeed.me, @lovenhl@channels.im, @NBAHistory@sportsbots.xyz, @mikecarter@mastodon.social, @TheHockeyWriters@mastodon.cloud, @MLS@sportsfeed.me, @Sadareed@newsie.social, @AlbertBreer@sportsbots.xyz, @Schwartzies@mastodon.social, @nfl@sportsfeed.me, @MLB@sportsfeed.me, @usopen@sportsbots.xyz, @VivaLaStool@sportsbots.xyz, @stlsportsmed@med-mastodon.com, @hoopfeed@mastodon.social, @BrooklynBuckets@mastodon.social, @MauryBizball@journa.host, @nicktylwalk@masto.ai, @jmkliegman@newsie.social, @mikerothstein@journa.host, @nicoleauerbach@journa.host, @nhl@sportsfeed.me, @MLB@sportsbots.xyz, @3DownNation@sportsbots.xyz, @MLBStats@sportsbots.xyz, @herhoopstats@sportsbots.xyz, @NHL@sportsbots.xyz, @mike_p_johnson@sportsbots.xyz, @KevinWeekes@sportsbots.xyz, @Aportzline@sportsbots.xyz, @LRiddickESPN@sportsbots.xyz, @NFLprguy@sportsbots.xyz, @NBA@sportsbots.xyz, @wojespn@sportsbots.xyz, @WindhorstESPN@sportsbots.xyz, @ChrisBHaynes@sportsbots.xyz, @JimBowdenGM@sportsbots.xyz, @Britt_Ghiroli@sportsbots.xyz, @stephenjnesbitt@sportsbots.xyz, @MLS@sportsbots.xyz, @tombogert@sportsbots.xyz, @JillianSakovits@sportsbots.xyz, @SoccerInsider@sportsbots.xyz, @NWSL@sportsbots.xyz, @susierants@mstdn.social, @WNBA@sportsbots.xyz, @BlackGirlHockey@sportsbots.xyz, @mattlombardonfl@threads.net, @watchingthew@threads.net, @joeovies@threads.net, @theirishtribune@threads.net, @fantasydocs@threads.net, @fantasypros@threads.net, @247sports@threads.net, @solidverbal@threads.net, @kofieyeboah@threads.net, @brandonmarcello@threads.net, @by_jbh@threads.net, @omr.zhrn@threads.net, @vintage_bubble_gum@threads.net, @nba_threads@threads.net, @bbustershoops@threads.net, @scootermagruder@threads.net, @dallasmavsthreads@threads.net, @leighellis@threads.net, @rapsheet@threads.net, @derek.bodner@threads.net"
mental-health-wellbeing,"@mentalhealthcommunityupdate@newsmast.social, @BriannaABaker@newsmast.social, @newsmast@newsmast.social, @PhilosophicalPsychology@fediscience.org, @kristoffer@rpsychologist.com, @meganpsyd@dice.camp, @sarahevictor@mastodon.online, @sallan2@mas.to, @markhenick@mstdn.social, @Fitnessfoundry@mas.to, @LEAD_Coalition@mastodon.world, @matherion@mastodon.nl, @gregscloud@mas.to, @edahlen@fediscience.org, @tugcevarol@masto.ai, @trailspotting@mas.to, @OmidVEbrahimi@mastodon.social, @drerinhaugen@mstdn.social, @thomasinselmd@mas.to, @getgoodlifehacks@mastodon.social, @sandamal99@mastodon.social, @ChrisSTRFIRST@mstdn.games, @NuciLandia@mastodon.world, @georgiadow@nula.pub, @calm@threads.net, @mental.aspect@threads.net, @GdnsIllustrated@flipboard.com, @WomensHealthUK@flipboard.com, @MensHealthUK@flipboard.com, @dr-peter-olusoga.bsky.social@bsky.brid.gy"
philosophy,"@philosophycommunityupdate@newsmast.social, @JustinWeinberg@newsmast.social, @ProfTJCurry@newsmast.social, @ksetiya@newsmast.social, @newsmast@newsmast.social, @ByrdNick@nerdculture.de, @DailyNous@zirk.us, @eyssette@scholar.social, @News4wombats@mastodon.social, @pence@scholar.social, @syderen@mastodon.social, @consequently@hcommons.social, @sethlazar@sigmoid.social, @kinozhao@fediphilosophy.org, @nigelwarburton@mastodonapp.uk, @johnbasl@fediphilosophy.org, @thehangedman@mastodon.social, @SteveCooke@zirk.us, @philippsteinkrueger@zirk.us, @petersuber@fediscience.org, @micwieczorek@mastodon.social, @GregSadler@metalhead.club, @Philosophy@mastodon.social, @monsieurphi@piaille.fr, @APLKadiri@mastodon.social, @dcm@social.sunet.se, @Ka_ODonnell@mastodon.ie, @hadyba@mstdn.social, @profron@mastodon.social, @audreysh@zirk.us, @a_brhm@zirk.us, @JoannaKarolinaMalinowska@scholar.social, @Sanchez_Perez_J@fediscience.org, @Annaalexandrovs@fediphilosophy.org, @conspiracism@scholar.social, @robhughes@scholar.social, @bodhidave@mstdn.social, @JonathanCR@sunny.garden, @dawnwilson@mastodon.sdf.org, @dmiyasaki@zirk.us, @tamernawar@fediscience.org, @Susana_MonsO@mastodon.online, @colin@fediscience.org, @ethicistforhire@mastodon.social, @erikangner@econtwitter.net, @JackManzi@mastodonapp.uk, @ajuliana@mas.to, @bweatherson@fediphilosophy.org, @anteagle@fediphilosophy.org, @Irishphilosophy@mastodon.ie, @jeroenvanbouwel@scholar.social, @mike@fediphilosophy.org, @hannahrubin@fediphilosophy.org, @will@fediphilosophy.org, @oohlah@fediphilosophy.org, @liverpoolphilos@mastodon.online, @philosophiclee@zirk.us, @Vinz@zirk.us, @AustralasianJournalPhilosophy@fediphilosophy.org, @philosophytube@nula.pub, @keithwilson@mastodon.social, @dailynous.com@bsky.brid.gy, @edouardmachery.bsky.social@bsky.brid.gy, @charactergap.bsky.social@bsky.brid.gy, @sarahwieten.bsky.social@bsky.brid.gy, @pjw@social.coop, @adardis@mstdn.social"
tv-radio,"@tvandradiocommunityupdate@newsmast.social, @newsmast@newsmast.social, @deadline@mastodon.social, @indiewire@mastodon.social, @hollywoodreporter@mastodon.social, @theglobalvoice@mstdn.social, @filmfileuk@mastodonapp.uk, @collider_feed@mastodon.social, @janboehm@edi.social, @darkcorners3@mastodonapp.uk, @tvPlusNews@mstdn.social, @slack2thefuture@mastodon.online, @new_tv_series@patashnik.club, @princessweekes@nula.pub"
healthcare,"@healthcarecommunityupdate@newsmast.social, @newsmast@newsmast.social, @carolinechen@mastodon.social, @nick@med-mastodon.com, @Laxswamy@med-mastodon.com, @toddfraser@med-mastodon.com, @PieterPeach@mastodon.social, @KimMukerjee@med-mastodon.com, @rchusid@med-mastodon.com, @WesElyMD@med-mastodon.com, @Mitdoc@med-mastodon.com, @MaksiSanctum@med-mastodon.com, @mloxton@med-mastodon.com, @invinciblejha@med-mastodon.com, @ProfCharlesHaas@mastodon.social, @picardonhealth@med-mastodon.com, @charlesgaba@mastodon.social, @gidmk@med-mastodon.com, @gregggonsalves@med-mastodon.com, @matthewherper@federate.social, @luckytran@med-mastodon.com, @jsherkow@mastodon.lawprofs.org, @hildabast@mastodon.online, @tomkindlon@disabled.social, @mecfs@a.gup.pe, @cbarbermd@med-mastodon.com, @metajournal@med-mastodon.com, @endocrine_witch@med-mastodon.com, @dialysisbloke@med-mastodon.com, @MECFSMedEd@med-mastodon.com, @NHSrCommunity@fosstodon.org, @zachhighley@nula.pub, @hubbub.world@threads.net, @laurapackardactivist@threads.net, @fantasydocs@threads.net"
social-media,"@Mastodon@mastodon.social, @mastodonmigration@mastodon.online, @FediFollows@social.growyourown.services, @eff@mastodon.social, @BBCRD@social.bbc, @Gargron@mastodon.social, @ben@werd.social, @zephoria@mastodon.social, @willoremus@mastodon.social, @media@eicker.news, @fediversereport@mastodon.social, @dansup@mastodon.social, @pixelfed@mastodon.social, @w3c@w3c.social, @lemmy_for_mastodon@mastodon.social, @trending@mastodon.bot, @APLKadiri@mastodon.social, @mike@thecanadian.social, @cheeaun@mastodon.social, @box464@mastodon.social, @mergesort@macaw.social, @news@wedistribute.org, @asveenstra@mastodon.social, @alicetiara@mastodon.social, @alopfr@mastodon.social, @anajorge@sciences.social, @davew@mastodon.social, @samir@m.fedica.com, @rabble@mastodon.social, @jaz@mastodon.iftas.org, @Sylkeweb@mastodon.social, @mastodonmigration.wordpress.com@mastodonmigration.wordpress.com, @mike@flipboard.com, @gabor@pebble.social, @neuSoM@bewegung.social, @deadsuperhero@social.wedistribute.org, @johnonolan@mastodon.xyz, @matthewfacciani@threads.net, @crumbler@threads.net, @zuck@threads.net, @quillmatiq@threads.net, @anildash@threads.net, @johnonolan@threads.net, @laurenshof.online@bsky.brid.gy, @bnewbold.net@bsky.brid.gy, @jay.bsky.team@bsky.brid.gy, @mmasnick.bsky.social@bsky.brid.gy, @tumblr@threads.net, @threads@threads.net, @j12t@j12t.social, @jonoread@threads.net"
black-voices,"@blackvoicescommunityupdate@newsmast.social, @newsmast@newsmast.social, @blackmastodon@a.gup.pe, @ruha9@mastodon.social, @Deglassco@mastodon.social, @JochenLingelba1@h-net.social, @BlackMastodon@chirp.social, @MiletteMillington@journa.host, @vivianho@journa.host, @sonyasteele@mastodon.social, @popcornreel@mas.to, @venitamathias@masto.ai, @morris01@convo.casa, @celset2@universeodon.com, @zhivi@blacktwitter.io, @KimCrayton1@dair-community.social, @Maggie@blacktwitter.io, @fkaOctaviaKeats@wandering.shop, @BLKNewsNow@mastodon.social, @alessa_ed@mstdn.social, @davidnjoku@mastodon.world, @JonathanMBR@mstdn.social, @AnkeFK@mastodon.social, @djneill@mas.to, @aaronrking@sciences.social, @klasronnback@mastodon.world, @baratunde@mastodon.social, @blackvoicesrss@newsmast.social, @zeilenkino@mastodon.social, @jonschub@mstdn.social, @ulrikekrause@sciences.social, @kforde@mastodon.online, @jrbprof@mstdn.social, @CELSET@newsmast.social, @TheRoot@flipboard.com, @blklivesmatter@threads.net, @rude1.blacksky.app@bsky.brid.gy"
travel,"@travelcommunityupdate@newsmast.social, @dadonthemoveph@newsmast.social, @jrmartin@newsmast.social, @KevinWagar@newsmast.social, @travelpast50@newsmast.social, @Roamancing@newsmast.social, @newsmast@newsmast.social, @diningcar@rail.chat, @seatsixtyone@mas.to, @oCDo@mastodon.nz, @michibriand@mastodon.social, @frayedpassport@universeodon.com, @backpackandsnorkel@mastodon.world, @travelfish@mastodon.social, @johanphoto@mastodon.nl, @worldoffunandtravel@tilvids.com, @shoulderseason@mstdn.social, @gavingough@newsie.social, @RamingoDentro@mastodon.uno, @viajesyrinconesdelmundo@mast.lat, @AfarMedia@flipboard.com, @FrommersMag@flipboard.com"
photography,"@photographycommunityupdate@newsmast.social, @newsmast@newsmast.social, @DebOppermann@photog.social, @photography@a.gup.pe, @AbandonedAmerica@mastodon.social, @tapasinthesun@photog.social, @QueenKong@mastodon.social, @ObsidianUrbex@photog.social, @ewen@photog.social, @Lacalle@pixelfed.social, @apilsetas@mastodon.social, @stevenlawson@photog.social, @david@photog.social, @MikeBolam@mastodon.scot, @GiantGinkgo@mstdn.party, @nhoizey@pixelfed.social, @Photowalks@flipboard.com, @Jade_NL@mastodon.social, @geraldundone@nula.pub, @garyhershorn@threads.net, @vicmanxxthome@threads.net, @47photography.bsky.social@bsky.brid.gy, @sdw@threads.net, @james.moore.photos@threads.net"
lgbtq,"@lgtbq+communityupdate@newsmast.social, @thisisqueerly@newsmast.social, @HRWright@newsmast.social, @benwritesthings@newsmast.social, @ajj65@newsmast.social, @jasonreiduk@newsmast.social, @lgsmsec@newsmast.social, @Mie_astrup@newsmast.social, @LukaszSzulc@newsmast.social, @mombian@newsmast.social, @mattskal@newsmast.social, @chrysalismama@newsmast.social, @alawriedejesus@newsmast.social, @jenandreacchi@newsmast.social, @newsmast@newsmast.social, @Susan_Larson_TN@mastodon.online, @andyengelson@journa.host, @KrissyKat@hoosier.social, @rossb_oxford@mastodon.social, @LGBT_ie@mastodon.ie, @GenderGP@mastodon.world, @gendercensus@lgbt.io, @transworld@masto.ai, @charlotteclymer@mastodon.social, @apdamegriff@aoir.social, @evangreer@mastodon.online, @LauraKBuzz@tech.lgbt, @tie@mastodon.scot, @cwnewser@journa.host, @equinox@newsie.social, @newspics@newsie.social, @romainburrel@h4.io, @That_guy_again@mastodon.social, @LGBTQNation@flipboard.com, @ianthomasmalone@threads.net, @transpridesouthampton@threads.net, @outandoutfootball@threads.net, @pridedailypod@threads.net, @XtraMagazine@flipboard.com, @PinkNews@flipboard.com"
movies,"@moviescommunityupdate@newsmast.social, @maketheswitchAU@newsmast.social, @newsmast@newsmast.social, @variety_feed@mastodon.social, @MarkRuffalo@mastodon.social, @hollywoodreporter@mastodon.social, @todayonscreen@xoxo.zone, @film@a.gup.pe, @Peachz@masto.ai, @EyeForFilm@bbq.snoot.com, @OldAintDead@mastodon.sdf.org, @horroryear@mastodonapp.uk, @altfilmguide@mstdn.social, @davidmarantz@mastodon.social, @tomjbeasley@mastodonapp.uk, @BeccaEHarrison@mastodon.social, @HowNotToMakeAMovie@mstdn.party, @popflick@mastodon.social, @CineRequiem@horrorhub.club, @darkcorners3@mastodonapp.uk, @stephenfry@mastodonapp.uk, @EOFFTV@ieji.de, @rickcdmx@mastodon.social, @TuesdayReviewAU@newsmast.social, @Serious_Feather@newsmast.social, @IndieWire@flipboard.com, @bekindrewind@nula.pub, @taboo@nula.pub, @captainmidnight@nula.pub, @jessiegender@nula.pub, @ladyknightthebrave@nula.pub, @maggiemaefish@nula.pub, @nandovmovies@nula.pub, @patrickhwillems@nula.pub, @davechensky@threads.net, @blazingminds@threads.net, @Deadline@flipboard.com"
programming,"@simontoth@hachyderm.io, @torproject@mastodon.social, @jesper@tech.lgbt, @StatisticsGlobe@mastodon.social, @frankel@mastodon.top, @inautilo@mastodon.social, @programming_discussions@mastodon.social, @thepracticaldev@fosstodon.org, @w3c@w3c.social, @Codeberg@social.anoxinon.de, @datascience@genomic.social, @jeremy_data@fosstodon.org, @jakub_neruda@techhub.social, @Patricia@vivaldi.net, @b0rk@jvns.ca, @Migueldeicaza@mastodon.social, @josi@fosstodon.org, @RatulMaharaj@fosstodon.org, @sibaku@mas.to, @DiazCarrete@hachyderm.io, @tagir_valeev@mastodon.online, @techbeamers@mastodon.social, @dgkeyes@fosstodon.org, @paleolimbot@fosstodon.org, @olivroy@fosstodon.org, @macarenaquiroga@datasci.social, @blaine@mastodon.social, @jongalloway@mastodon.social, @githubprojects@threads.net"
law-justice,"@justicecommunityupdate@newsmast.social, @newsmast@newsmast.social, @helenprejean@mindly.social, @keribla@mstdn.social, @Popehat@mastodon.social, @mikescarcella@journa.host, @arozenshtein@mastodon.social, @alexabdo@mastodon.social, @andy_geronimo@mastodon.social, @Dahlialith@mstdn.social, @jentaub@mstdn.social, @jciv@mastodon.social, @Margotkaminski@mastodon.social, @NadiaBernaz@bhre.social, @ifilljustice@mastodon.social, @lessig@mastodon.world, @design_law@mastodon.social, @QasimRashid@mastodon.social, @PaulaChertok@mas.to, @davidallengreen@mastodon.green, @PeterStefanovic@toot.community, @KlasfeldReports@journa.host, @DorfmanDoron@noc.social, @JessBravin@journa.host, @zoetillman@mastodon.social, @lawfare@mastodon.social, @AMereSolicitor@mastodonapp.uk, @maxkennerly@mstdn.social, @andrew@esq.social, @annmlipton@esq.social, @ProfFerguson@mastodon.lawprofs.org, @MarinKLevy@mastodon.social, @geoffhing@mastodon.social, @donaldcclarke@mastodon.online, @BrennanCenter@newsie.social, @elizaorlins@mstdn.social, @seanfobbe@fediscience.org, @JimOleske@mastodon.social, @Teri_Kanefield@mastodon.social, @legaleagle@nula.pub, @riana@someone.elses.computer"
humanities,"@humanitiescommunityupdate@newsmast.social, @dianajspencer@newsmast.social, @Sinobabble@newsmast.social, @NoisyBits@newsmast.social, @ErichWeikert@newsmast.social, @JenniferLawson@newsmast.social, @newsmast@newsmast.social, @Lila@scholar.social, @mythologyandhistory@mas.to, @hanna_schmueck@fediscience.org, @GrecianGirly@mastodon.social, @rdmond@mastodon.social, @dshcs_univie@mastodon.social, @shakesmonos@mastodon.social, @aap_saaorg@fediscience.org, @nahint@tooting.ch, @Bog@cutie.city, @mob@akademienl.social, @MarcSchulder@fediscience.org, @jonippolito@digipres.club, @linguistics@a.gup.pe, @lesleyhead@aus.social, @humanities@mastodon.social, @roopikarisam@mastodon.social, @corsent@mastodon.social, @peterwebster@mastodon.social, @anindita@mastodon.xyz, @fpianz@mstdn.social, @wragge@hcommons.social, @bmp@mastodon.sdf.org, @garyhall@hcommons.social, @Alix_Tz@hcommons.social, @flavoursofopen@hcommons.social, @neferchitty@mastodon.top, @arturoviaggia@zirk.us, @SarahMiddle@hcommons.social, @EMGrumbach@hcommons.social, @CLSinfra@fedihum.org, @jenniferisasi@hcommons.social, @BridgetAlmas@mstdn.social, @anwagnerdreas@hcommons.social, @LanguageAdventure@mstdn.games, @brusgaard@archaeo.social, @serhii@mstdn.science, @linguistics@lemmy.ml, @humanities@beehaw.org, @hello@hcommons.social, @philosophies@earthstream.social, @christinkallama@hcommons.social, @dominiquekaradjian@eldritch.cafe"
music,"@musiccommunityupdate@newsmast.social, @newsmast@newsmast.social, @oldschoolflyers@rap.social, @electrowow@ravenation.club, @ironmanrecords@mastodonapp.uk, @jazz@a.gup.pe, @vinylrecords@a.gup.pe, @Orchestergraben@classicalmusic.social, @MakerTube@mastodon.social, @evangreer@mastodon.online, @dylyricus@universeodon.com, @hiphopnews@rap.social, @classical_music_and_beyond@libranet.de, @DarkSideOfSynth@mastodon.social, @Sykonee@ravenation.club, @pitchfork@flipboard.com, @SPINMag@flipboard.com, @gloriousnoise@heads.social, @12tone@nula.pub, @maryspender@nula.pub, @polyphonic@nula.pub, @nowthis@threads.net, @robbirdwell@mastodon.social, @RollingStoneBR@flipboard.com, @popmuzik@mastodonsweden.se"
